record_type,domain,year,mean_lat,n_records,fit,fit_lower,fit_upper,trend_per_decade,p_value
track,NH,1980,19.89893591293833,4135,19.323164518824385,18.604329029040873,20.023943526542556,0.6312276556997447,2.2564442460177386e-05
track,NH,1981,21.847464822901504,4122,19.386287284394356,18.684692887381516,20.077359916508883,0.6312276556997447,2.2564442460177386e-05
track,NH,1982,19.141650251696213,4569,19.449410049964328,18.76944912511629,20.126009201398574,0.6312276556997447,2.2564442460177386e-05
track,NH,1983,17.03202445652174,3680,19.512532815534314,18.855805120737223,20.170988584650885,0.6312276556997447,2.2564442460177386e-05
track,NH,1984,20.468887517993007,4863,19.575655581104286,18.926252840017103,20.21098424357634,0.6312276556997447,2.2564442460177386e-05
track,NH,1985,20.42293290249002,5261,19.638778346674258,19.01847782569566,20.256560167294626,0.6312276556997447,2.2564442460177386e-05
track,NH,1986,18.69885732592909,4682,19.70190111224423,19.098146349084743,20.30980980754324,0.6312276556997447,2.2564442460177386e-05
track,NH,1987,19.038815789473684,4408,19.7650238778142,19.186230287261047,20.366712343052146,0.6312276556997447,2.2564442460177386e-05
track,NH,1988,20.600239635753656,4173,19.828146643384187,19.272680500504933,20.417045731318755,0.6312276556997447,2.2564442460177386e-05
track,NH,1989,20.346975160256413,4992,19.89126940895416,19.347766178580013,20.474127117784175,0.6312276556997447,2.2564442460177386e-05
track,NH,1990,19.201379912663754,5725,19.95439217452413,19.428123885040172,20.531138873849933,0.6312276556997447,2.2564442460177386e-05
track,NH,1991,19.277622003424657,4672,20.017514940094102,19.49783246111045,20.59262088777605,0.6312276556997447,2.2564442460177386e-05
track,NH,1992,19.141307960777795,6017,20.080637705664074,19.579854231380345,20.655154507414977,0.6312276556997447,2.2564442460177386e-05
track,NH,1993,17.59250912212921,4659,20.14376047123406,19.6669226183334,20.71302524879043,0.6312276556997447,2.2564442460177386e-05
track,NH,1994,19.781074054150977,5577,20.206883236804032,19.738001280792012,20.774434783425693,0.6312276556997447,2.2564442460177386e-05
track,NH,1995,20.080653111521872,4869,20.270006002374004,19.812935903915356,20.830656334375703,0.6312276556997447,2.2564442460177386e-05
track,NH,1996,20.712698133145473,5678,20.333128767943975,19.89143707129094,20.889248872595015,0.6312276556997447,2.2564442460177386e-05
track,NH,1997,19.353454101745825,5327,20.396251533513947,19.96752857561546,20.945925642465127,0.6312276556997447,2.2564442460177386e-05
track,NH,1998,20.983616569304303,3766,20.45937429908392,20.03356511643088,21.00940731022489,0.6312276556997447,2.2564442460177386e-05
track,NH,1999,21.41500831485588,3608,20.522497064653905,20.111657712010057,21.07307527819832,0.6312276556997447,2.2564442460177386e-05
track,NH,2000,21.88798064996279,4031,20.585619830223877,20.183325057980923,21.135293939175043,0.6312276556997447,2.2564442460177386e-05
track,NH,2001,21.862225782597978,4057,20.64874259579385,20.25147901762529,21.198416704745014,0.6312276556997447,2.2564442460177386e-05
track,NH,2002,21.217074388417377,4006,20.71186536136382,20.308051935229738,21.26094674037476,0.6312276556997447,2.2564442460177386e-05
track,NH,2003,20.505149812734082,4272,20.774988126933792,20.359353385194325,21.324586558097856,0.6312276556997447,2.2564442460177386e-05
track,NH,2004,22.048874371859295,4975,20.838110892503778,20.427407902022008,21.38780640939227,0.6312276556997447,2.2564442460177386e-05
track,NH,2005,22.37291963377416,4915,20.90123365807375,20.482556304575446,21.450907767024916,0.6312276556997447,2.2564442460177386e-05
track,NH,2006,20.643986375381722,4257,20.96435642364372,20.53854724099068,21.516606246204848,0.6312276556997447,2.2564442460177386e-05
track,NH,2007,21.91514437242192,3394,21.027479189213693,20.601670006560653,21.58060333665665,0.6312276556997447,2.2564442460177386e-05
track,NH,2008,20.957284353059176,3988,21.090601954783665,20.664792772130625,21.64944362471071,0.6312276556997447,2.2564442460177386e-05
track,NH,2009,20.33324455205811,4130,21.15372472035365,20.727915537700596,21.715892751624953,0.6312276556997447,2.2564442460177386e-05
track,NH,2010,21.16844070961718,3213,21.216847485923623,20.788624875020265,21.787044263299652,0.6312276556997447,2.2564442460177386e-05
track,NH,2011,22.04413103971667,3953,21.279970251493594,20.834269494560267,21.855083992626348,0.6312276556997447,2.2564442460177386e-05
track,NH,2012,22.32445404913558,4396,21.343093017063566,20.88042650837757,21.918965004257874,0.6312276556997447,2.2564442460177386e-05
track,NH,2013,19.54461926495316,4163,21.406215782633538,20.932009041414975,21.9885934188553,0.6312276556997447,2.2564442460177386e-05
track,NH,2014,20.45158787010506,4188,21.469338548203524,20.974656462463184,22.060153940989593,0.6312276556997447,2.2564442460177386e-05
track,NH,2015,19.997024461482294,5478,21.532461313773496,21.023712877295566,22.13389047282264,0.6312276556997447,2.2564442460177386e-05
track,NH,2016,21.643990855649903,4593,21.595584079343467,21.068740258852596,22.208143331190396,0.6312276556997447,2.2564442460177386e-05
track,NH,2017,21.534478644714866,4191,21.65870684491344,21.11018984940893,22.288018940900088,0.6312276556997447,2.2564442460177386e-05
track,NH,2018,21.783599068434253,5582,21.72182961048341,21.15342491579447,22.36420263582919,0.6312276556997447,2.2564442460177386e-05
track,NH,2019,20.781063259839275,4853,21.784952376053383,21.199175097000836,22.438313771891337,0.6312276556997447,2.2564442460177386e-05
track,NH,2020,22.561425364758698,4455,21.84807514162337,21.24635194190734,22.51455878319505,0.6312276556997447,2.2564442460177386e-05
track,NH,2021,22.486303854875285,4410,21.91119790719334,21.29180393959026,22.591479952764537,0.6312276556997447,2.2564442460177386e-05
track,NH,2022,22.868169364881695,4015,21.974320672763312,21.337985940772548,22.668452275672358,0.6312276556997447,2.2564442460177386e-05
track,NH,2023,21.202875470028754,4521,22.037443438333284,21.382860221092546,22.75104730364555,0.6312276556997447,2.2564442460177386e-05
track,SH,1980,18.286241319444443,2304,17.526749267751,16.849004746682734,18.07355001836936,0.09168628228467018,0.28823680135136065
track,SH,1981,17.571464646464648,2178,17.535917895979466,16.876497375377735,18.065798472862927,0.09168628228467018,0.28823680135136065
track,SH,1982,17.707501229709788,2033,17.54508652420793,16.90962963835748,18.060278250332257,0.09168628228467018,0.28823680135136065
track,SH,1983,16.755663881151346,2154,17.554255152436397,16.94168621514028,18.05132474937186,0.09168628228467018,0.28823680135136065
track,SH,1984,18.067572857764244,2299,17.563423780664863,16.974810189111007,18.04205071493505,0.09168628228467018,0.28823680135136065
track,SH,1985,17.57921881743634,2317,17.572592408893335,17.011867783675225,18.03117692931712,0.09168628228467018,0.28823680135136065
track,SH,1986,17.982512772875058,2153,17.5817610371218,17.036107514950427,18.026263252778318,0.09168628228467018,0.28823680135136065
track,SH,1987,17.58430325680726,1873,17.590929665350266,17.06144791852805,18.017847328460643,0.09168628228467018,0.28823680135136065
track,SH,1988,17.494100964265456,1763,17.600098293578732,17.091315112890427,18.02059878718963,0.09168628228467018,0.28823680135136065
track,SH,1989,18.098091603053437,2489,17.609266921807198,17.111940863760047,18.014114080030588,0.09168628228467018,0.28823680135136065
track,SH,1990,17.072901119402985,2144,17.61843555003567,17.13553380830748,18.007536695277825,0.09168628228467018,0.28823680135136065
track,SH,1991,16.02912876974629,2089,17.627604178264136,17.168093933340447,18.000917215381403,0.09168628228467018,0.28823680135136065
track,SH,1992,17.329508196721314,2074,17.6367728064926,17.187850815940344,17.999351385007383,0.09168628228467018,0.28823680135136065
track,SH,1993,18.134670987038884,2006,17.645941434721067,17.215569924681052,17.996918232118787,0.09168628228467018,0.28823680135136065
track,SH,1994,17.27827993897788,2622,17.655110062949532,17.22435952774577,17.997624883678164,0.09168628228467018,0.28823680135136065
track,SH,1995,16.949404761904763,1680,17.664278691178005,17.24451998735129,17.989411840209147,0.09168628228467018,0.28823680135136065
track,SH,1996,15.686440677966102,2832,17.67344731940647,17.2604549900929,17.984874438278496,0.09168628228467018,0.28823680135136065
track,SH,1997,17.98380709038646,3131,17.682615947634936,17.277088773621802,17.98875912177783,0.09168628228467018,0.28823680135136065
track,SH,1998,17.597245600612087,2614,17.6917845758634,17.285464993918726,17.997507558283207,0.09168628228467018,0.28823680135136065
track,SH,1999,19.396673706441394,1894,17.700953204091874,17.292328407087506,17.998106335486597,0.09168628228467018,0.28823680135136065
track,SH,2000,19.04073756432247,2332,17.71012183232034,17.316668579280183,18.005685617852574,0.09168628228467018,0.28823680135136065
track,SH,2001,18.013183279742766,1866,17.719290460548805,17.336459927050818,18.0148267758418,0.09168628228467018,0.28823680135136065
track,SH,2002,16.73759521218716,1838,17.72845908877727,17.33541695595758,18.022640408765028,0.09168628228467018,0.28823680135136065
track,SH,2003,16.95371153846154,2600,17.737627717005736,17.340536329710442,18.031533688212974,0.09168628228467018,0.28823680135136065
track,SH,2004,16.990652173913045,1840,17.74679634523421,17.3465470081512,18.030698222294713,0.09168628228467018,0.28823680135136065
track,SH,2005,17.30704298291041,1931,17.755964973462675,17.343026125259673,18.04933092496454,0.09168628228467018,0.28823680135136065
track,SH,2006,16.621746478873238,1775,17.76513360169114,17.346444629967763,18.0617727506502,0.09168628228467018,0.28823680135136065
track,SH,2007,16.976281732205077,2009,17.774302229919606,17.35641444056665,18.083117298159653,0.09168628228467018,0.28823680135136065
track,SH,2008,17.526560159760358,2003,17.78347085814807,17.358152657667564,18.09950445865547,0.09168628228467018,0.28823680135136065
track,SH,2009,17.818127381600437,1837,17.792639486376544,17.359993763010635,18.123937317048416,0.09168628228467018,0.28823680135136065
track,SH,2010,17.622418967587034,1666,17.80180811460501,17.358745092983263,18.152890402281074,0.09168628228467018,0.28823680135136065
track,SH,2011,19.809062885326757,1622,17.810976742833475,17.36247213045466,18.17386810182752,0.09168628228467018,0.28823680135136065
track,SH,2012,19.24064359113034,1849,17.82014537106194,17.370745135437577,18.194201004115737,0.09168628228467018,0.28823680135136065
track,SH,2013,17.335436619718312,1775,17.829313999290406,17.371987737530954,18.2202534599416,0.09168628228467018,0.28823680135136065
track,SH,2014,19.411285946825828,1843,17.83848262751888,17.37002934168902,18.248374490172377,0.09168628228467018,0.28823680135136065
track,SH,2015,18.94584980237154,1771,17.847651255747344,17.357118184027918,18.272434549861313,0.09168628228467018,0.28823680135136065
track,SH,2016,18.408877388535032,1256,17.85681988397581,17.356378537063172,18.304955145287067,0.09168628228467018,0.28823680135136065
track,SH,2017,18.312959112959113,1443,17.865988512204275,17.347245364207826,18.335031942444523,0.09168628228467018,0.28823680135136065
track,SH,2018,18.035891325071496,2098,17.87515714043274,17.336978679234896,18.359695558836822,0.09168628228467018,0.28823680135136065
track,SH,2019,16.272122389509473,2059,17.884325768661213,17.3270785475703,18.383567493934432,0.09168628228467018,0.28823680135136065
track,SH,2020,18.026894736842106,1900,17.89349439688968,17.316897396267784,18.410137798355414,0.09168628228467018,0.28823680135136065
track,SH,2021,17.12364303178484,2045,17.902663025118144,17.300269359558907,18.435245332962236,0.09168628228467018,0.28823680135136065
track,SH,2022,18.802012578616353,2385,17.91183165334661,17.284067132737974,18.4634998305942,0.09168628228467018,0.28823680135136065
track,SH,2023,17.652563329312425,1658,17.921000281575083,17.269923959687283,18.49528772087272,0.09168628228467018,0.28823680135136065
event,NH,1980,19.291606903076172,3450,18.978259750387878,18.082999158640114,19.470385353989982,0.5631959167393772,9.069709927751747e-05
event,NH,1981,21.08329963684082,3533,19.034579342061818,18.149685672964903,19.50090442347933,0.5631959167393772,9.069709927751747e-05
event,NH,1982,18.758026123046875,3769,19.090898933735758,18.22518139488936,19.538371426196193,0.5631959167393772,9.069709927751747e-05
event,NH,1983,16.37933349609375,3150,19.1472185254097,18.287781908359204,19.59648986597801,0.5631959167393772,9.069709927751747e-05
event,NH,1984,19.773014068603516,3978,19.20353811708364,18.3598190799658,19.640529722710088,0.5631959167393772,9.069709927751747e-05
event,NH,1985,19.759292602539062,4482,19.259857708757565,18.436337046943567,19.685986292999548,0.5631959167393772,9.069709927751747e-05
event,NH,1986,17.693851470947266,4131,19.316177300431505,18.51272372854505,19.736607601708815,0.5631959167393772,9.069709927751747e-05
event,NH,1987,18.423011779785156,3796,19.372496892105445,18.580931025096003,19.78378394780779,0.5631959167393772,9.069709927751747e-05
event,NH,1988,19.840057373046875,3440,19.428816483779386,18.649521902643784,19.83819870515302,0.5631959167393772,9.069709927751747e-05
event,NH,1989,19.99535369873047,4240,19.485136075453326,18.722931385315704,19.88642637485821,0.5631959167393772,9.069709927751747e-05
event,NH,1990,18.652198791503906,5027,19.541455667127266,18.794030591798876,19.93637955044741,0.5631959167393772,9.069709927751747e-05
event,NH,1991,18.53324317932129,4037,19.597775258801192,18.861309093427142,19.996506767045442,0.5631959167393772,9.069709927751747e-05
event,NH,1992,18.501644134521484,5296,19.654094850475133,18.92651205022758,20.049551991959206,0.5631959167393772,9.069709927751747e-05
event,NH,1993,17.00422477722168,4072,19.710414442149073,18.992210798673135,20.1020957153084,0.5631959167393772,9.069709927751747e-05
event,NH,1994,19.058242797851562,4943,19.766734033823013,19.054146408994637,20.153107765272132,0.5631959167393772,9.069709927751747e-05
event,NH,1995,19.77669906616211,4311,19.823053625496954,19.11456238952549,20.205679263434366,0.5631959167393772,9.069709927751747e-05
event,NH,1996,19.969297409057617,5058,19.87937321717088,19.170881981199443,20.259264352374593,0.5631959167393772,9.069709927751747e-05
event,NH,1997,18.197782516479492,4712,19.93569280884482,19.23804723292748,20.312748828082228,0.5631959167393772,9.069709927751747e-05
event,NH,1998,20.573930740356445,3345,19.99201240051876,19.298519359788592,20.367852287202272,0.5631959167393772,9.069709927751747e-05
event,NH,1999,20.734350204467773,3211,20.0483319921927,19.357690084653466,20.42214998992131,0.5631959167393772,9.069709927751747e-05
event,NH,2000,21.03045082092285,3637,20.10465158386664,19.426513589556727,20.476524846060187,0.5631959167393772,9.069709927751747e-05
event,NH,2001,21.19920539855957,3718,20.16097117554058,19.48618634454374,20.533133099943598,0.5631959167393772,9.069709927751747e-05
event,NH,2002,20.218570709228516,3578,20.217290767214507,19.54378302289358,20.594334382360632,0.5631959167393772,9.069709927751747e-05
event,NH,2003,19.50506019592285,3813,20.273610358888448,19.593814158204818,20.652408141360862,0.5631959167393772,9.069709927751747e-05
event,NH,2004,20.86379623413086,4269,20.329929950562388,19.642921069692044,20.713224167429974,0.5631959167393772,9.069709927751747e-05
event,NH,2005,21.850919723510742,4401,20.386249542236328,19.69664658330885,20.77802426502818,0.5631959167393772,9.069709927751747e-05
event,NH,2006,19.96832847595215,3754,20.44256913391027,19.754892137443875,20.838491692569804,0.5631959167393772,9.069709927751747e-05
event,NH,2007,21.031381607055664,3016,20.498888725584195,19.81303960828364,20.89884027685886,0.5631959167393772,9.069709927751747e-05
event,NH,2008,20.55392837524414,3475,20.555208317258135,19.856858964058667,20.95998967754192,0.5631959167393772,9.069709927751747e-05
event,NH,2009,19.242063522338867,3641,20.611527908932075,19.90303667296064,21.01624239482372,0.5631959167393772,9.069709927751747e-05
event,NH,2010,20.710472106933594,2917,20.667847500606015,19.959356264634565,21.077229721979663,0.5631959167393772,9.069709927751747e-05
event,NH,2011,21.176742553710938,3517,20.724167092279956,20.015675856308505,21.133549313653603,0.5631959167393772,9.069709927751747e-05
event,NH,2012,21.29414939880371,3795,20.780486683953896,20.071995447982445,21.192252356374304,0.5631959167393772,9.069709927751747e-05
event,NH,2013,18.8458251953125,3736,20.836806275627822,20.12831503965637,21.2597332978198,0.5631959167393772,9.069709927751747e-05
event,NH,2014,19.278621673583984,3700,20.893125867301762,20.18463463133031,21.325547070198084,0.5631959167393772,9.069709927751747e-05
event,NH,2015,19.0966796875,4924,20.949445458975703,20.240954223004252,21.39128615875279,0.5631959167393772,9.069709927751747e-05
event,NH,2016,21.352235794067383,4047,21.005765050649643,20.297273814678192,21.464672925774703,0.5631959167393772,9.069709927751747e-05
event,NH,2017,20.809328079223633,3763,21.062084642323583,20.353535602557816,21.53596644894301,0.5631959167393772,9.069709927751747e-05
event,NH,2018,21.21088409423828,5095,21.11840423399751,20.409202090910416,21.606549585396163,0.5631959167393772,9.069709927751747e-05
event,NH,2019,20.18572235107422,4234,21.17472382567145,20.43651726009453,21.677958438933228,0.5631959167393772,9.069709927751747e-05
event,NH,2020,21.638566970825195,3818,21.23104341734539,20.48973284186185,21.740363910287673,0.5631959167393772,9.069709927751747e-05
event,NH,2021,21.17192268371582,3841,21.28736300901933,20.530326010151512,21.81367524268728,0.5631959167393772,9.069709927751747e-05
event,NH,2022,22.058202743530273,3341,21.34368260069327,20.568299148399337,21.881570112729563,0.5631959167393772,9.069709927751747e-05
event,NH,2023,20.53897476196289,3955,21.40000219236721,20.6244889274355,21.945883967256048,0.5631959167393772,9.069709927751747e-05
event,SH,1980,18.05851936340332,1966,16.973392824693157,16.32312295024371,17.515664915689573,0.15148665688254617,0.17211938190333276
event,SH,1981,17.105287551879883,1863,16.988541490381415,16.359417419575248,17.51270011208846,0.15148665688254617,0.17211938190333276
event,SH,1982,17.170364379882812,1758,17.003690156069666,16.394226735194515,17.50961614292793,0.15148665688254617,0.17211938190333276
event,SH,1983,16.29305648803711,1901,17.018838821757925,16.427996841549596,17.506532173767393,0.15148665688254617,0.17211938190333276
event,SH,1984,17.59187126159668,2067,17.033987487446176,16.463398030046015,17.503238741333536,0.15148665688254617,0.17211938190333276
event,SH,1985,16.609027862548828,1905,17.049136153134434,16.488225221640306,17.499611594968933,0.15148665688254617,0.17211938190333276
event,SH,1986,17.554889678955078,1912,17.064284818822685,16.51785819008999,17.497567251382165,0.15148665688254617,0.17211938190333276
event,SH,1987,17.334552764892578,1667,17.079433484510943,16.55218427052561,17.491800700846845,0.15148665688254617,0.17211938190333276
event,SH,1988,17.06540298461914,1597,17.094582150199194,16.586620700563167,17.489269145017726,0.15148665688254617,0.17211938190333276
event,SH,1989,17.643434524536133,2262,17.109730815887453,16.62118057842054,17.488713252218787,0.15148665688254617,0.17211938190333276
event,SH,1990,16.134361267089844,1896,17.124879481575704,16.66158968329218,17.485719169706936,0.15148665688254617,0.17211938190333276
event,SH,1991,15.48810863494873,1829,17.140028147263962,16.6967798761183,17.47907519676283,0.15148665688254617,0.17211938190333276
event,SH,1992,16.914226531982422,1912,17.155176812952213,16.730385477825585,17.478875977330024,0.15148665688254617,0.17211938190333276
event,SH,1993,17.42437744140625,1805,17.17032547864047,16.762210183039958,17.477455442244356,0.15148665688254617,0.17211938190333276
event,SH,1994,16.904115676879883,2369,17.185474144328722,16.794627226780023,17.473690467045802,0.15148665688254617,0.17211938190333276
event,SH,1995,16.657039642333984,1570,17.20062281001698,16.822378575827816,17.481234752337798,0.15148665688254617,0.17211938190333276
event,SH,1996,15.162065505981445,2470,17.215771475705232,16.84626198493455,17.489648818346588,0.15148665688254617,0.17211938190333276
event,SH,1997,17.297882080078125,2785,17.23092014139349,16.871154654007288,17.49224524957896,0.15148665688254617,0.17211938190333276
event,SH,1998,17.55014991760254,2317,17.24606880708174,16.891164495193987,17.50277683192787,0.15148665688254617,0.17211938190333276
event,SH,1999,18.89845085144043,1711,17.26121747277,16.912352287472064,17.527681501853817,0.15148665688254617,0.17211938190333276
event,SH,2000,18.279354095458984,2073,17.27636613845825,16.931611519492854,17.543981717698312,0.15148665688254617,0.17211938190333276
event,SH,2001,17.320693969726562,1742,17.29151480414651,16.946799278259277,17.551527820034423,0.15148665688254617,0.17211938190333276
event,SH,2002,16.196292877197266,1713,17.30666346983476,16.963957914631088,17.56517758533242,0.15148665688254617,0.17211938190333276
event,SH,2003,16.416475296020508,2449,17.321812135523018,16.977231951802867,17.57570213749025,0.15148665688254617,0.17211938190333276
event,SH,2004,16.410276412963867,1669,17.33696080121127,16.992142796823472,17.597728651504134,0.15148665688254617,0.17211938190333276
event,SH,2005,17.08275604248047,1818,17.352109466899527,16.998255175670536,17.615646632991048,0.15148665688254617,0.17211938190333276
event,SH,2006,16.213834762573242,1666,17.36725813258778,17.001220691914384,17.641427540689676,0.15148665688254617,0.17211938190333276
event,SH,2007,16.66804313659668,1915,17.382406798276037,17.00352146910504,17.665127897488276,0.15148665688254617,0.17211938190333276
event,SH,2008,16.989482879638672,1859,17.397555463964288,17.00754200583206,17.692558847168133,0.15148665688254617,0.17211938190333276
event,SH,2009,17.27876091003418,1655,17.412704129652546,17.014692206630457,17.71687331823529,0.15148665688254617,0.17211938190333276
event,SH,2010,17.396175384521484,1556,17.427852795340797,17.017719309737593,17.750049540151494,0.15148665688254617,0.17211938190333276
event,SH,2011,19.46808433532715,1565,17.443001461029056,17.02814145193139,17.780718834036936,0.15148665688254617,0.17211938190333276
event,SH,2012,18.701744079589844,1750,17.458150126717307,17.02735258363988,17.80986148821851,0.15148665688254617,0.17211938190333276
event,SH,2013,16.893369674682617,1644,17.473298792405565,17.037779958465684,17.843929349115196,0.15148665688254617,0.17211938190333276
event,SH,2014,18.89084815979004,1721,17.488447458093816,17.035310484490612,17.875319738825837,0.15148665688254617,0.17211938190333276
event,SH,2015,18.2811336517334,1659,17.503596123782074,17.028241918581134,17.906710128536478,0.15148665688254617,0.17211938190333276
event,SH,2016,17.96919822692871,1172,17.518744789470325,17.025678529564352,17.937967390135118,0.15148665688254617,0.17211938190333276
event,SH,2017,17.70454216003418,1299,17.533893455158584,17.019022851582985,17.97676045758475,0.15148665688254617,0.17211938190333276
event,SH,2018,17.84503936767578,1986,17.549042120846835,17.007104997383617,18.000648117613334,0.15148665688254617,0.17211938190333276
event,SH,2019,16.10834312438965,1912,17.564190786535093,17.01134650651784,18.039887763057802,0.15148665688254617,0.17211938190333276
event,SH,2020,17.669864654541016,1762,17.579339452223344,17.01494155648705,18.073822982548375,0.15148665688254617,0.17211938190333276
event,SH,2021,16.807659149169922,1893,17.594488117911595,17.01119014040392,18.11214185681718,0.15148665688254617,0.17211938190333276
event,SH,2022,18.220985412597656,2180,17.609636783599854,17.006802575799515,18.143505351885235,0.15148665688254617,0.17211938190333276
event,SH,2023,17.454700469970703,1585,17.624785449288105,17.003422307216475,18.17549567221308,0.15148665688254617,0.17211938190333276
