domain,year,N_t,TCP_mean,fit,fit_lower,fit_upper,trend_per_decade,p_value
SH,1980,1966.0,18.59382314227832,18.68680657742358,17.927107620308174,19.473786487169008,0.2530610644346007,0.008294946910975274
SH,1981,1863.0,18.535903883762582,18.71211268386704,17.982091667074194,19.482628467417587,0.2530610644346007,0.008294946910975274
SH,1982,1758.0,18.437510803914744,18.7374187903105,18.025183577529198,19.46691100357225,0.2530610644346007,0.008294946910975274
SH,1983,1901.0,17.94642275492974,18.76272489675396,18.05861641491418,19.472319761993177,0.2530610644346007,0.008294946910975274
SH,1984,2067.0,19.242115679243305,18.788031003197418,18.116956446442423,19.48098455515323,0.2530610644346007,0.008294946910975274
SH,1985,1905.0,18.408930208619665,18.813337109640877,18.173732652770507,19.4804678116112,0.2530610644346007,0.008294946910975274
SH,1986,1912.0,19.487347702243937,18.838643216084343,18.221976745545366,19.47970437917019,0.2530610644346007,0.008294946910975274
SH,1987,1667.0,18.881688490342107,18.8639493225278,18.271157379355024,19.478940946729185,0.2530610644346007,0.008294946910975274
SH,1988,1597.0,19.526048619761564,18.88925542897126,18.31820666481303,19.49029682833786,0.2530610644346007,0.008294946910975274
SH,1989,2262.0,19.10733215976949,18.91456153541472,18.36018006534615,19.48931047217183,0.2530610644346007,0.008294946910975274
SH,1990,1896.0,18.710602761522964,18.93986764185818,18.40037410764597,19.488152522310344,0.2530610644346007,0.008294946910975274
SH,1991,1829.0,18.238448451855767,18.965173748301638,18.440650769194374,19.491848974068446,0.2530610644346007,0.008294946910975274
SH,1992,1912.0,19.04701000554542,18.990479854745097,18.482574912989083,19.499870017540328,0.2530610644346007,0.008294946910975274
SH,1993,1805.0,19.375242694868263,19.015785961188563,18.52099745034773,19.50253439766676,0.2530610644346007,0.008294946910975274
SH,1994,2369.0,17.71336592278159,19.04109206763202,18.557353480752283,19.509754197635186,0.2530610644346007,0.008294946910975274
SH,1995,1570.0,17.904538757491096,19.06639817407548,18.587509565642375,19.52086384665949,0.2530610644346007,0.008294946910975274
SH,1996,2470.0,18.31587409829566,19.09170428051894,18.6177499037783,19.528018275767224,0.2530610644346007,0.008294946910975274
SH,1997,2785.0,18.711277405547172,19.1170103869624,18.64925844683458,19.55484356759538,0.2530610644346007,0.008294946910975274
SH,1998,2317.0,18.857714934009838,19.142316493405858,18.68841242719152,19.571404296761052,0.2530610644346007,0.008294946910975274
SH,1999,1711.0,19.468924590592657,19.167622599849324,18.71787923103371,19.58909214493731,0.2530610644346007,0.008294946910975274
SH,2000,2073.0,18.72466830853494,19.192928706292783,18.757161772921716,19.60502190570723,0.2530610644346007,0.008294946910975274
SH,2001,1742.0,19.59932031350453,19.21823481273624,18.775610306646737,19.62617815760673,0.2530610644346007,0.008294946910975274
SH,2002,1713.0,19.699614715816608,19.2435409191797,18.808841044538752,19.66006566318125,0.2530610644346007,0.008294946910975274
SH,2003,2449.0,19.530162614337176,19.26884702562316,18.8381846878576,19.694511640585112,0.2530610644346007,0.008294946910975274
SH,2004,1669.0,19.890313376424523,19.29415313206662,18.860853809336227,19.727969255041344,0.2530610644346007,0.008294946910975274
SH,2005,1818.0,20.156728671823434,19.319459238510078,18.88327547070216,19.758498047396188,0.2530610644346007,0.008294946910975274
SH,2006,1666.0,20.711288403932134,19.344765344953544,18.89493753008622,19.79730102747371,0.2530610644346007,0.008294946910975274
SH,2007,1915.0,19.804872640369695,19.370071451397003,18.9192213262386,19.82628012672242,0.2530610644346007,0.008294946910975274
SH,2008,1859.0,20.510001334843054,19.39537755784046,18.938916119342327,19.8658841935059,0.2530610644346007,0.008294946910975274
SH,2009,1655.0,19.44361992322927,19.42068366428392,18.957221050634587,19.90026255495267,0.2530610644346007,0.008294946910975274
SH,2010,1556.0,20.959025390086836,19.44598977072738,18.962515260043226,19.943495348740797,0.2530610644346007,0.008294946910975274
SH,2011,1565.0,21.117267723256433,19.47129587717084,18.9744220441868,19.989217593123925,0.2530610644346007,0.008294946910975274
SH,2012,1750.0,20.258030754351914,19.496601983614305,18.99318515737534,20.03295334588463,0.2530610644346007,0.008294946910975274
SH,2013,1644.0,20.5445145134702,19.521908090057764,19.005369285575764,20.08782186047857,0.2530610644346007,0.008294946910975274
SH,2014,1721.0,19.522326797809253,19.547214196501223,19.008418565282795,20.139581022007032,0.2530610644346007,0.008294946910975274
SH,2015,1659.0,18.695806873520283,19.57252030294468,19.004006636987626,20.18452403515095,0.2530610644346007,0.008294946910975274
SH,2016,1172.0,19.664863397011203,19.59782640938814,19.024910080517937,20.24200350689098,0.2530610644346007,0.008294946910975274
SH,2017,1299.0,18.287952743194147,19.6231325158316,19.02673113043256,20.29454321697998,0.2530610644346007,0.008294946910975274
SH,2018,1986.0,18.936669384742327,19.64843862227506,19.039252590285294,20.348792195203735,0.2530610644346007,0.008294946910975274
SH,2019,1912.0,18.941269398890604,19.673744728718525,19.05521054989115,20.397425094416356,0.2530610644346007,0.008294946910975274
SH,2020,1762.0,18.816381658506742,19.699050835161984,19.06168596153285,20.45573227793278,0.2530610644346007,0.008294946910975274
SH,2021,1893.0,18.42132992792224,19.724356941605443,19.05344920496878,20.49907551982916,0.2530610644346007,0.008294946910975274
SH,2022,2180.0,18.98138383835093,19.7496630480489,19.055549505940764,20.54611818528748,0.2530610644346007,0.008294946910975274
SH,2023,1585.0,19.757229986678055,19.77496915449236,19.08220363408321,20.592606612784053,0.2530610644346007,0.008294946910975274
