YEAR,BAND,N_EVENTS,INTENSITY_SUM_MM_3H,MEAN_INTENSITY_MM_3H,BAND_LABEL,RELATIVE_FREQUENCY,HEMISPHERE
1980,0,133,2142.0217661743645,16.105426813341087,0-10,0.0676500508646999,SH
1980,1,648,10763.228819814873,16.60992101823283,10-15,0.3296032553407935,SH
1980,2,540,10764.5403532587,19.934333987516112,15-20,0.2746693794506612,SH
1980,3,645,12885.66535847124,19.977775749567815,20-90.0001,0.32807731434384535,SH
1981,0,176,2896.4460089986637,16.457079596583316,0-10,0.09447128287707998,SH
1981,1,602,10127.55149511437,16.82317524105377,10-15,0.3231347289318304,SH
1981,2,574,10670.481341547971,18.589688748341413,15-20,0.3081052066559313,SH
1981,3,511,10837.910089788686,21.209217396846743,20-90.0001,0.27428878153515834,SH
1982,0,153,2258.721874857937,14.762888070966909,0-10,0.08703071672354949,SH
1982,1,620,10341.378002771551,16.679641939954113,10-15,0.35267349260523323,SH
1982,2,541,10865.719734007993,20.0845096746913,15-20,0.30773606370875994,SH
1982,3,444,8947.324381644636,20.15163149019062,20-90.0001,0.2525597269624573,SH
1983,0,144,1980.6018946526292,13.754179823976592,0-10,0.07574960547080484,SH
1983,1,723,10977.348385695193,15.183054475373712,10-15,0.380326144134666,SH
1983,2,664,12854.515866738468,19.359210642678416,15-20,0.3492898474487112,SH
1983,3,370,8303.683510035142,22.442387864959844,20-90.0001,0.194634402945818,SH
1984,0,110,1621.258169690978,14.738710633554346,0-10,0.053217223028543786,SH
1984,1,658,11059.944912561681,16.80842691878675,10-15,0.31833575229801647,SH
1984,2,649,13464.649763292635,20.74676388797016,15-20,0.31398161586840834,SH
1984,3,650,13627.60026345062,20.96553886684711,20-90.0001,0.31446540880503143,SH
1985,0,118,1815.221391533712,15.383232131641627,0-10,0.06194225721784777,SH
1985,1,712,12321.952260842725,17.306112725902704,10-15,0.373753280839895,SH
1985,2,687,13241.201863210581,19.27394739914204,15-20,0.3606299212598425,SH
1985,3,388,7690.636531833445,19.821228174828466,20-90.0001,0.2036745406824147,SH
1986,0,138,2307.069133139592,16.71789226912748,0-10,0.07217573221757322,SH
1986,1,600,10397.336486327837,17.328894143879726,10-15,0.3138075313807531,SH
1986,2,628,12917.082242610391,20.568602297150306,15-20,0.3284518828451883,SH
1986,3,546,11638.320944612591,21.315606125664086,20-90.0001,0.28556485355648537,SH
1987,0,185,2870.5523550824964,15.516499216662142,0-10,0.11097780443911218,SH
1987,1,565,9814.810538635562,17.371346086080642,10-15,0.33893221355728853,SH
1987,2,398,8406.758496085537,21.122508784134514,15-20,0.23875224955008997,SH
1987,3,519,10383.6533235967,20.007039159145858,20-90.0001,0.3113377324535093,SH
1988,0,187,3653.724842241709,19.53863552000914,0-10,0.11709455228553538,SH
1988,1,457,8013.874437301373,17.535830278558805,10-15,0.28616155291170947,SH
1988,2,592,11814.640172243096,19.957162453113337,15-20,0.3706950532247965,SH
1988,3,361,7700.860193973041,21.33202269798626,20-90.0001,0.22604884157795868,SH
1989,0,234,3798.5476456479732,16.23310959678621,0-10,0.10344827586206896,SH
1989,1,666,10997.51767250186,16.51278929805084,10-15,0.29442970822281167,SH
1989,2,609,12129.077886463932,19.916384050022877,15-20,0.2692307692307692,SH
1989,3,753,16295.642140784828,21.640959018306546,20-90.0001,0.3328912466843501,SH
1990,0,258,4467.227539814707,17.3148354256384,0-10,0.1360759493670886,SH
1990,1,676,11778.022137078291,17.423109670234158,10-15,0.35654008438818563,SH
1990,2,558,11017.311304187664,19.74428549137574,15-20,0.29430379746835444,SH
1990,3,404,8212.741854766875,20.32856894744276,20-90.0001,0.21308016877637131,SH
1991,0,346,5527.981360292937,15.976824740731033,0-10,0.18917441224712958,SH
1991,1,610,10524.20343851182,17.252792522150525,10-15,0.33351558228540185,SH
1991,2,539,10866.310517909698,20.160130831001297,15-20,0.2946965554948059,SH
1991,3,334,6439.626901729743,19.28032006505911,20-90.0001,0.18261344997266266,SH
1992,0,219,3456.341835318567,15.782382809673821,0-10,0.1145397489539749,SH
1992,1,731,13355.308881214003,18.269916390169634,10-15,0.38232217573221755,SH
1992,2,459,8768.212893117077,19.102860333588403,15-20,0.24006276150627615,SH
1992,3,503,10838.019520953194,21.546758490960624,20-90.0001,0.2630753138075314,SH
1993,0,179,2969.7215133649834,16.590622979692643,0-10,0.09916897506925208,SH
1993,1,550,9907.464751519681,18.01357227549033,10-15,0.3047091412742382,SH
1993,2,536,10515.831767693084,19.61908911883038,15-20,0.2969529085872576,SH
1993,3,540,11579.295031659462,21.44313894751752,20-90.0001,0.29916897506925205,SH
1994,0,229,3428.6815035903846,14.972408312621766,0-10,0.0966652596032081,SH
1994,1,838,13505.928854207777,16.116860207885175,10-15,0.35373575348248204,SH
1994,2,693,12525.797256049496,18.074743515222938,15-20,0.29252849303503586,SH
1994,3,609,12502.556257221935,20.529649026637003,20-90.0001,0.25707049387927394,SH
1995,0,98,1659.5237621578906,16.93391594038664,0-10,0.062420382165605096,SH
1995,1,668,10936.89350462421,16.37259506680271,10-15,0.42547770700636944,SH
1995,2,446,8416.679438258332,18.871478561117335,15-20,0.2840764331210191,SH
1995,3,358,7097.029144220585,19.824103754806103,20-90.0001,0.22802547770700637,SH
1996,0,414,6608.828594634773,15.963354093320708,0-10,0.16761133603238867,SH
1996,1,954,16542.271370284194,17.339907096733956,10-15,0.3862348178137652,SH
1996,2,691,13753.672624600726,19.904012481332455,15-20,0.27975708502024293,SH
1996,3,411,8335.436433270585,20.280867234235,20-90.0001,0.16639676113360324,SH
1997,0,312,4953.206149927783,15.875660736948024,0-10,0.11202872531418312,SH
1997,1,925,15922.246588919845,17.21323955558902,10-15,0.33213644524236985,SH
1997,2,876,17519.724591579976,19.999685606826457,15-20,0.31454219030520647,SH
1997,3,672,13715.730244021262,20.41031286312688,20-90.0001,0.24129263913824056,SH
1998,0,135,2219.5672294402452,16.44123873659441,0-10,0.05826499784203712,SH
1998,1,859,14992.161334246875,17.453039970019645,10-15,0.37073802330599914,SH
1998,2,761,15277.827745089002,20.075989152547965,15-20,0.3284419507984463,SH
1998,3,562,11203.769193324677,19.93553237246384,20-90.0001,0.24255502805351747,SH
1999,0,48,817.9242895413721,17.04008936544525,0-10,0.028053769725306838,SH
1999,1,536,9417.26560098251,17.56952537496737,10-15,0.31326709526592633,SH
1999,2,522,10399.339327445856,19.922105991275586,15-20,0.3050847457627119,SH
1999,3,605,12676.800756534296,20.953389680221978,20-90.0001,0.35359438924605496,SH
2000,0,58,1080.610995293975,18.631224056792675,0-10,0.027978774722624215,SH
2000,1,582,10120.356527744449,17.38892874182895,10-15,0.28075253256150506,SH
2000,2,811,15335.999987960959,18.909987654699087,15-20,0.39122045344910755,SH
2000,3,622,12279.269892593551,19.741591467192205,20-90.0001,0.30004823926676316,SH
2001,0,236,3967.194367280666,16.810145624070618,0-10,0.1354764638346728,SH
2001,1,519,9563.768892345135,18.427300370607195,10-15,0.29793340987370837,SH
2001,2,477,10202.347175588873,21.38856850228275,15-20,0.2738231917336395,SH
2001,3,510,10408.705550910217,20.40922657041219,20-90.0001,0.2927669345579793,SH
2002,0,360,6381.914857984237,17.727541272178435,0-10,0.21015761821366025,SH
2002,1,512,9440.797104698351,18.439056845113967,10-15,0.29889083479276124,SH
2002,2,385,8330.290174889104,21.637117337374296,15-20,0.22475189725627553,SH
2002,3,456,9592.437870622158,21.0360479618907,20-90.0001,0.266199649737303,SH
2003,0,263,4592.395006355031,17.46157797093168,0-10,0.1073907717435688,SH
2003,1,939,17233.105662920607,18.352615189478815,10-15,0.3834218048182932,SH
2003,2,620,12917.180253420407,20.834161699065174,15-20,0.25316455696202533,SH
2003,3,627,13086.687319815697,20.871909600981972,20-90.0001,0.2560228664761127,SH
2004,0,269,5192.243538732356,19.302020590083107,0-10,0.16117435590173756,SH
2004,1,502,9411.061484545602,18.74713443136574,10-15,0.3007789095266627,SH
2004,2,505,10406.752778715769,20.60743124498172,15-20,0.3025763930497304,SH
2004,3,393,8186.875223258799,20.831743570633076,20-90.0001,0.23547034152186938,SH
2005,0,230,4481.425235718955,19.484457546604155,0-10,0.1265126512651265,SH
2005,1,674,12999.781175266724,19.2875091621168,10-15,0.37073707370737075,SH
2005,2,427,9193.831586850396,21.531221514872122,15-20,0.23487348734873487,SH
2005,3,487,9969.894727538927,20.47206309556248,20-90.0001,0.2678767876787679,SH
2006,0,159,2744.9196271571254,17.2636454538184,0-10,0.09543817527010805,SH
2006,1,687,13260.277207085292,19.301713547431284,10-15,0.41236494597839135,SH
2006,2,511,11842.461340969952,23.175071117358026,15-20,0.3067226890756303,SH
2006,3,309,6657.348305738564,21.544816523425773,20-90.0001,0.18547418967587034,SH
2007,0,110,2091.164566910748,19.01058697191589,0-10,0.057441253263707574,SH
2007,1,846,16350.711436040265,19.327082075697714,10-15,0.44177545691906006,SH
2007,2,520,11025.74496668303,21.203355705159673,15-20,0.27154046997389036,SH
2007,3,439,8458.71013667392,19.26813242978114,20-90.0001,0.22924281984334205,SH
2008,0,167,3081.9377993334424,18.4547173612781,0-10,0.08983324367939753,SH
2008,1,579,10911.753893019382,18.845861645974754,10-15,0.31145777299623456,SH
2008,2,633,13765.36337863107,21.74622966608384,15-20,0.34050564819795587,SH
2008,3,480,10369.037410489347,21.602161271852808,20-90.0001,0.258203335126412,SH
2009,0,191,3026.7796570712285,15.847013911367688,0-10,0.11540785498489425,SH
2009,1,445,7689.502245554702,17.27978032708922,10-15,0.2688821752265861,SH
2009,2,524,10906.785737691334,20.814476598647584,15-20,0.3166163141993958,SH
2009,3,495,10556.123332627178,21.325501682075107,20-90.0001,0.2990936555891239,SH
2010,0,121,2511.4357211356178,20.755667116823286,0-10,0.07776349614395887,SH
2010,1,553,11398.095961338373,20.61138510187771,10-15,0.35539845758354754,SH
2010,2,452,10193.175156397521,22.55127246990602,15-20,0.29048843187660667,SH
2010,3,430,8509.5366681036,19.789620158380465,20-90.0001,0.2763496143958869,SH
2011,0,19,323.9544938666003,17.050236519294753,0-10,0.012140575079872205,SH
2011,1,450,8935.583348042563,19.85685188453903,10-15,0.28753993610223644,SH
2011,2,523,11524.337381710619,22.03506191531667,15-20,0.334185303514377,SH
2011,3,573,12264.648763276537,21.404273583379645,20-90.0001,0.3661341853035144,SH
2012,0,160,2704.9719470510804,16.906074669069252,0-10,0.09142857142857143,SH
2012,1,383,7017.829744001981,18.323315258490812,10-15,0.21885714285714286,SH
2012,2,549,11711.002037581013,21.331515551149387,15-20,0.3137142857142857,SH
2012,3,658,14017.750091481772,21.303571567601477,20-90.0001,0.376,SH
2013,0,127,2375.1049120182474,18.70161348045864,0-10,0.07725060827250609,SH
2013,1,623,11571.979493364548,18.57460592835401,10-15,0.3789537712895377,SH
2013,2,452,10199.606671839825,22.565501486371293,15-20,0.2749391727493917,SH
2013,3,442,9628.490782922392,21.78391579846695,20-90.0001,0.2688564476885645,SH
2014,0,130,2126.4085637611242,16.35698895200865,0-10,0.07553747821034282,SH
2014,1,479,9067.33868830052,18.929725862840336,10-15,0.27832655432887854,SH
2014,2,561,12074.865272576737,21.5238240152883,15-20,0.32597327135386406,SH
2014,3,551,10329.311894391341,18.746482566953432,20-90.0001,0.32016269610691456,SH
2015,0,104,1816.76402901975,17.468884894420675,0-10,0.06268836648583484,SH
2015,1,528,9749.81282107737,18.46555458537381,10-15,0.3182640144665461,SH
2015,2,505,9382.607619295566,18.57942102830805,15-20,0.30440024110910185,SH
2015,3,522,10067.15913377746,19.28574546700663,20-90.0001,0.31464737793851716,SH
2016,0,69,1101.859922445038,15.96898438326142,0-10,0.05887372013651877,SH
2016,1,378,6639.2311022259455,17.564103445042186,10-15,0.3225255972696246,SH
2016,2,357,7475.5884736429825,20.94002373569463,15-20,0.3046075085324232,SH
2016,3,368,7830.540402983164,21.278642399410774,20-90.0001,0.31399317406143346,SH
2017,0,178,2618.7043297132705,14.711822077040845,0-10,0.13702848344880678,SH
2017,1,341,5850.109925132897,17.155747581034888,10-15,0.26250962278675904,SH
2017,2,388,7428.898000503242,19.146644331193922,15-20,0.29869130100076985,SH
2017,3,392,7858.338358059787,20.046781525662723,20-90.0001,0.30177059276366436,SH
2018,0,217,3512.862690942558,16.188307331532524,0-10,0.10926485397784491,SH
2018,1,497,8534.805316762177,17.172646512599954,10-15,0.2502517623363545,SH
2018,2,707,14009.333985946214,19.815182441225197,15-20,0.35599194360523667,SH
2018,3,565,11551.223404447313,20.44464319371206,20-90.0001,0.28449144008056393,SH
2019,0,224,3411.4870642752535,15.229852965514524,0-10,0.11715481171548117,SH
2019,1,674,11417.707224294234,16.94021843367097,10-15,0.35251046025104604,SH
2019,2,571,11898.580047059539,20.838143690121782,15-20,0.2986401673640167,SH
2019,3,443,9487.932755049806,21.417455429006335,20-90.0001,0.23169456066945607,SH
2020,0,162,2606.3738912002104,16.08872772345809,0-10,0.09194097616345062,SH
2020,1,448,7663.217471251757,17.105396141186958,10-15,0.2542565266742338,SH
2020,2,625,12628.68607785983,20.205897724575728,15-20,0.3547105561861521,SH
2020,3,527,10256.187041977084,19.46145548762255,20-90.0001,0.29909194097616343,SH
2021,0,125,1825.1573316695917,14.601258653356734,0-10,0.06603275224511358,SH
2021,1,685,11686.881613668515,17.061141041851847,10-15,0.3618594823032224,SH
2021,2,629,12278.065965385937,19.519977687418024,15-20,0.3322768092974115,SH
2021,3,454,9081.47264283276,20.003243706680088,20-90.0001,0.2398309561542525,SH
2022,0,135,2359.8906333195846,17.480671357922848,0-10,0.06192660550458716,SH
2022,1,651,11793.030194269817,18.115253754638736,10-15,0.29862385321100915,SH
2022,2,778,14905.76595465155,19.1590822039223,15-20,0.3568807339449541,SH
2022,3,616,12320.729985364076,20.001185041175447,20-90.0001,0.28256880733944956,SH
2023,0,176,2810.6909258020814,15.969834805693644,0-10,0.1110410094637224,SH
2023,1,368,6642.068399772659,18.049098912425706,10-15,0.23217665615141955,SH
2023,2,578,12344.497104402391,21.357261426301715,15-20,0.3646687697160883,SH
2023,3,463,9517.953098907588,20.557134122910558,20-90.0001,0.2921135646687697,SH
