year,domain,surface,band_idx,band_label,n_j,vol_j
1980,NH,land,0,0-15,16010,415608.7
1980,NH,land,1,15-25,47434,1322943.4
1980,NH,land,2,25-35,15804,435912.44
1980,NH,land,3,35-90,23676,329779.3
1980,NH,ocean,0,0-15,530134,8897155.0
1980,NH,ocean,1,15-25,461308,9033179.0
1980,NH,ocean,2,25-35,138565,3284189.0
1980,NH,ocean,3,35-90,144778,2283465.5
1980,SH,land,0,0-10,2592,41482.625
1980,SH,land,1,10-15,8243,180515.62
1980,SH,land,2,15-20,16744,433447.25
1980,SH,land,3,20-90,21202,444102.3
1980,SH,ocean,0,0-10,44501,719480.8
1980,SH,ocean,1,10-15,243220,4316534.0
1980,SH,ocean,2,15-20,217340,4332578.5
1980,SH,ocean,3,20-90,296393,6009821.0
1981,NH,land,0,0-15,16278,394169.44
1981,NH,land,1,15-25,45574,1121277.0
1981,NH,land,2,25-35,18703,534030.0
1981,NH,land,3,35-90,35982,563093.44
1981,NH,ocean,0,0-15,413593,7136256.5
1981,NH,ocean,1,15-25,651563,12841259.0
1981,NH,ocean,2,25-35,262185,5832460.5
1981,NH,ocean,3,35-90,225839,3814138.5
1981,SH,land,0,0-10,417,6795.4375
1981,SH,land,1,10-15,9311,245637.44
1981,SH,land,2,15-20,13364,519390.12
1981,SH,land,3,20-90,8526,236147.44
1981,SH,ocean,0,0-10,107622,2045558.5
1981,SH,ocean,1,10-15,293853,5077155.5
1981,SH,ocean,2,15-20,208354,4050031.5
1981,SH,ocean,3,20-90,173844,3893714.0
1982,NH,land,0,0-15,13126,328810.75
1982,NH,land,1,15-25,29863,756168.0
1982,NH,land,2,25-35,20698,564630.5
1982,NH,land,3,35-90,24131,348260.0
1982,NH,ocean,0,0-15,423025,7102930.0
1982,NH,ocean,1,15-25,471015,9412566.0
1982,NH,ocean,2,25-35,188314,4374124.5
1982,NH,ocean,3,35-90,108540,1764508.5
1982,SH,land,0,0-10,942,17846.125
1982,SH,land,1,10-15,9391,212677.06
1982,SH,land,2,15-20,14994,381041.12
1982,SH,land,3,20-90,9074,202793.38
1982,SH,ocean,0,0-10,111075,2007652.8
1982,SH,ocean,1,10-15,362229,6632431.0
1982,SH,ocean,2,15-20,230139,4540894.0
1982,SH,ocean,3,20-90,198049,4228271.5
1983,NH,land,0,0-15,18444,439198.2
1983,NH,land,1,15-25,54448,1352961.5
1983,NH,land,2,25-35,12753,341420.06
1983,NH,land,3,35-90,748,16051.75
1983,NH,ocean,0,0-15,500642,9578034.0
1983,NH,ocean,1,15-25,295366,6745975.0
1983,NH,ocean,2,25-35,91446,2102226.8
1983,NH,ocean,3,35-90,37822,749014.8
1983,SH,land,0,0-10,409,6323.8125
1983,SH,land,1,10-15,4576,88346.19
1983,SH,land,2,15-20,5989,141986.31
1983,SH,land,3,20-90,13243,273189.12
1983,SH,ocean,0,0-10,71418,999728.06
1983,SH,ocean,1,10-15,659701,9760626.0
1983,SH,ocean,2,15-20,464886,8416824.0
1983,SH,ocean,3,20-90,201980,4874003.0
1984,NH,land,0,0-15,20300,448864.38
1984,NH,land,1,15-25,38299,956402.9
1984,NH,land,2,25-35,15645,380064.75
1984,NH,land,3,35-90,17642,403817.38
1984,NH,ocean,0,0-15,470375,8415400.0
1984,NH,ocean,1,15-25,603726,11584566.0
1984,NH,ocean,2,25-35,209844,4593976.0
1984,NH,ocean,3,35-90,115815,2109311.5
1984,SH,land,0,0-10,1924,33073.062
1984,SH,land,1,10-15,12057,275154.62
1984,SH,land,2,15-20,24918,633737.0
1984,SH,land,3,20-90,20514,532492.94
1984,SH,ocean,0,0-10,25278,399064.88
1984,SH,ocean,1,10-15,220207,3939025.8
1984,SH,ocean,2,15-20,276470,5836730.0
1984,SH,ocean,3,20-90,231921,5405642.5
1985,NH,land,0,0-15,16208,347895.75
1985,NH,land,1,15-25,70593,1683416.9
1985,NH,land,2,25-35,24732,637705.2
1985,NH,land,3,35-90,49583,928034.7
1985,NH,ocean,0,0-15,576778,10690604.0
1985,NH,ocean,1,15-25,544717,10904742.0
1985,NH,ocean,2,25-35,184223,4176825.5
1985,NH,ocean,3,35-90,82320,1455785.2
1985,SH,land,0,0-10,5266,95086.81
1985,SH,land,1,10-15,16728,392726.75
1985,SH,land,2,15-20,20364,486544.38
1985,SH,land,3,20-90,7632,152429.62
1985,SH,ocean,0,0-10,42778,677805.25
1985,SH,ocean,1,10-15,363163,6705758.0
1985,SH,ocean,2,15-20,442136,9029291.0
1985,SH,ocean,3,20-90,212950,4529981.0
1986,NH,land,0,0-15,18561,457671.5
1986,NH,land,1,15-25,46681,1143305.0
1986,NH,land,2,25-35,6592,190891.81
1986,NH,land,3,35-90,19535,353595.44
1986,NH,ocean,0,0-15,812579,14518686.0
1986,NH,ocean,1,15-25,745406,14683239.0
1986,NH,ocean,2,25-35,149266,3262253.2
1986,NH,ocean,3,35-90,85034,1582107.8
1986,SH,land,0,0-10,1237,21292.812
1986,SH,land,1,10-15,4383,111077.69
1986,SH,land,2,15-20,26926,673685.3
1986,SH,land,3,20-90,9221,202562.31
1986,SH,ocean,0,0-10,98670,1791205.6
1986,SH,ocean,1,10-15,360044,6588306.0
1986,SH,ocean,2,15-20,336903,6881015.0
1986,SH,ocean,3,20-90,235005,5280077.5
1987,NH,land,0,0-15,20617,502979.3
1987,NH,land,1,15-25,63549,1512490.0
1987,NH,land,2,25-35,13779,364858.75
1987,NH,land,3,35-90,8257,160937.5
1987,NH,ocean,0,0-15,604245,10778141.0
1987,NH,ocean,1,15-25,599217,11488822.0
1987,NH,ocean,2,25-35,158706,3630924.0
1987,NH,ocean,3,35-90,111788,1686447.6
1987,SH,land,0,0-10,2246,38947.562
1987,SH,land,1,10-15,6175,148351.19
1987,SH,land,2,15-20,7927,203221.5
1987,SH,land,3,20-90,12959,247563.94
1987,SH,ocean,0,0-10,91448,1499657.5
1987,SH,ocean,1,10-15,328096,6000405.0
1987,SH,ocean,2,15-20,226579,4787165.0
1987,SH,ocean,3,20-90,267865,5502504.5
1988,NH,land,0,0-15,45462,1098726.2
1988,NH,land,1,15-25,57979,1500008.8
1988,NH,land,2,25-35,8831,261362.0
1988,NH,land,3,35-90,6520,113250.125
1988,NH,ocean,0,0-15,639174,11518642.0
1988,NH,ocean,1,15-25,602214,11458083.0
1988,NH,ocean,2,25-35,171907,3769483.0
1988,NH,ocean,3,35-90,142737,2266174.5
1988,SH,land,0,0-10,1675,32593.75
1988,SH,land,1,10-15,8538,233686.31
1988,SH,land,2,15-20,12628,285407.44
1988,SH,land,3,20-90,8640,215110.12
1988,SH,ocean,0,0-10,191093,4247979.5
1988,SH,ocean,1,10-15,358993,7106344.5
1988,SH,ocean,2,15-20,319201,6592993.0
1988,SH,ocean,3,20-90,182993,4105004.8
1989,NH,land,0,0-15,12992,343138.06
1989,NH,land,1,15-25,65914,1801322.0
1989,NH,land,2,25-35,19710,559656.56
1989,NH,land,3,35-90,36366,502557.44
1989,NH,ocean,0,0-15,616960,11024669.0
1989,NH,ocean,1,15-25,725005,13826440.0
1989,NH,ocean,2,25-35,172232,3909841.0
1989,NH,ocean,3,35-90,189051,2924079.2
1989,SH,land,0,0-10,973,17404.438
1989,SH,land,1,10-15,5050,105430.25
1989,SH,land,2,15-20,16274,374213.0
1989,SH,land,3,20-90,15878,356460.38
1989,SH,ocean,0,0-10,93206,1774511.0
1989,SH,ocean,1,10-15,397637,7014775.0
1989,SH,ocean,2,15-20,360459,7449168.0
1989,SH,ocean,3,20-90,363441,8501654.0
1990,NH,land,0,0-15,26452,601403.56
1990,NH,land,1,15-25,53830,1435173.6
1990,NH,land,2,25-35,27933,797065.6
1990,NH,land,3,35-90,20526,364525.38
1990,NH,ocean,0,0-15,899156,16037594.0
1990,NH,ocean,1,15-25,764194,15000663.0
1990,NH,ocean,2,25-35,154815,3774796.5
1990,NH,ocean,3,35-90,120851,1826741.4
1990,SH,land,0,0-10,57,1029.6875
1990,SH,land,1,10-15,9431,222281.06
1990,SH,land,2,15-20,6537,199629.88
1990,SH,land,3,20-90,18589,428729.88
1990,SH,ocean,0,0-10,255833,5471244.5
1990,SH,ocean,1,10-15,473634,9038496.0
1990,SH,ocean,2,15-20,394653,8099798.5
1990,SH,ocean,3,20-90,231485,5284901.5
1991,NH,land,0,0-15,15109,369450.38
1991,NH,land,1,15-25,47822,1293318.8
1991,NH,land,2,25-35,13903,366430.5
1991,NH,land,3,35-90,16667,308369.2
1991,NH,ocean,0,0-15,694117,11983368.0
1991,NH,ocean,1,15-25,576017,11652418.0
1991,NH,ocean,2,25-35,209777,4844881.0
1991,NH,ocean,3,35-90,180283,3123613.0
1991,SH,land,0,0-10,1674,33485.375
1991,SH,land,1,10-15,2588,57062.438
1991,SH,land,2,15-20,16191,404220.44
1991,SH,land,3,20-90,3989,92742.06
1991,SH,ocean,0,0-10,158034,2949840.5
1991,SH,ocean,1,10-15,412490,8188012.5
1991,SH,ocean,2,15-20,242791,5124615.0
1991,SH,ocean,3,20-90,116354,2408638.0
1992,NH,land,0,0-15,21239,517970.2
1992,NH,land,1,15-25,56389,1353758.6
1992,NH,land,2,25-35,23080,618783.2
1992,NH,land,3,35-90,13887,275202.2
1992,NH,ocean,0,0-15,1051212,19705508.0
1992,NH,ocean,1,15-25,867759,17274698.0
1992,NH,ocean,2,25-35,212606,4576822.5
1992,NH,ocean,3,35-90,176067,2824930.0
1992,SH,land,0,0-10,1998,27625.75
1992,SH,land,1,10-15,8523,222486.62
1992,SH,land,2,15-20,4263,111104.875
1992,SH,land,3,20-90,7089,195474.94
1992,SH,ocean,0,0-10,180747,3294302.2
1992,SH,ocean,1,10-15,488659,9681521.0
1992,SH,ocean,2,15-20,305711,6454487.0
1992,SH,ocean,3,20-90,331298,7355345.0
1993,NH,land,0,0-15,31607,771850.94
1993,NH,land,1,15-25,44687,1124692.2
1993,NH,land,2,25-35,12460,401549.06
1993,NH,land,3,35-90,19721,320272.75
1993,NH,ocean,0,0-15,775773,13412771.0
1993,NH,ocean,1,15-25,493248,10269275.0
1993,NH,ocean,2,25-35,180988,4380997.0
1993,NH,ocean,3,35-90,158942,2465289.5
1993,SH,land,0,0-10,1989,49030.75
1993,SH,land,1,10-15,9720,221230.31
1993,SH,land,2,15-20,17212,364014.2
1993,SH,land,3,20-90,14944,332947.94
1993,SH,ocean,0,0-10,113107,2010153.0
1993,SH,ocean,1,10-15,310501,5733233.0
1993,SH,ocean,2,15-20,263117,5399489.0
1993,SH,ocean,3,20-90,231488,5267237.0
1994,NH,land,0,0-15,15618,405909.38
1994,NH,land,1,15-25,56942,1432088.2
1994,NH,land,2,25-35,30756,740904.4
1994,NH,land,3,35-90,26841,566541.2
1994,NH,ocean,0,0-15,890146,16149397.0
1994,NH,ocean,1,15-25,843890,15709008.0
1994,NH,ocean,2,25-35,232854,5219370.0
1994,NH,ocean,3,35-90,104135,1654356.2
1994,SH,land,0,0-10,1506,27692.812
1994,SH,land,1,10-15,11010,223677.5
1994,SH,land,2,15-20,24156,562272.25
1994,SH,land,3,20-90,15745,335281.44
1994,SH,ocean,0,0-10,121426,2039407.5
1994,SH,ocean,1,10-15,503262,9168515.0
1994,SH,ocean,2,15-20,288925,5417485.0
1994,SH,ocean,3,20-90,233097,5021167.0
1995,NH,land,0,0-15,26529,666564.7
1995,NH,land,1,15-25,79453,2023375.8
1995,NH,land,2,25-35,25705,653188.0
1995,NH,land,3,35-90,22739,385008.06
1995,NH,ocean,0,0-15,553835,9877343.0
1995,NH,ocean,1,15-25,705307,12871565.0
1995,NH,ocean,2,25-35,225989,5067735.5
1995,NH,ocean,3,35-90,171444,2780662.2
1995,SH,land,0,0-10,2921,54552.75
1995,SH,land,1,10-15,12706,261815.56
1995,SH,land,2,15-20,10309,232757.06
1995,SH,land,3,20-90,20258,413780.94
1995,SH,ocean,0,0-10,41095,699598.2
1995,SH,ocean,1,10-15,302932,5183915.5
1995,SH,ocean,2,15-20,261325,4724682.0
1995,SH,ocean,3,20-90,172669,3639839.2
1996,NH,land,0,0-15,39677,911441.0
1996,NH,land,1,15-25,87802,2308272.0
1996,NH,land,2,25-35,32850,821798.0
1996,NH,land,3,35-90,29509,533395.0
1996,NH,ocean,0,0-15,712230,11886106.0
1996,NH,ocean,1,15-25,826667,16201534.0
1996,NH,ocean,2,25-35,315908,7485561.0
1996,NH,ocean,3,35-90,232929,3626506.2
1996,SH,land,0,0-10,3499,64648.062
1996,SH,land,1,10-15,17143,394554.06
1996,SH,land,2,15-20,27316,631310.3
1996,SH,land,3,20-90,20555,473199.38
1996,SH,ocean,0,0-10,225021,4058911.8
1996,SH,ocean,1,10-15,446166,8333317.0
1996,SH,ocean,2,15-20,251655,4896618.0
1996,SH,ocean,3,20-90,143447,2818253.5
1997,NH,land,0,0-15,16700,422395.3
1997,NH,land,1,15-25,54952,1443109.2
1997,NH,land,2,25-35,36067,899998.6
1997,NH,land,3,35-90,23617,511062.94
1997,NH,ocean,0,0-15,1040678,17619598.0
1997,NH,ocean,1,15-25,790673,14529099.0
1997,NH,ocean,2,25-35,288462,6896684.0
1997,NH,ocean,3,35-90,176200,2976659.2
1997,SH,land,0,0-10,1873,69638.31
1997,SH,land,1,10-15,14249,341876.25
1997,SH,land,2,15-20,20270,553116.7
1997,SH,land,3,20-90,11140,248126.31
1997,SH,ocean,0,0-10,182973,3079660.2
1997,SH,ocean,1,10-15,574953,10913285.0
1997,SH,ocean,2,15-20,429454,9052602.0
1997,SH,ocean,3,20-90,296384,6180073.0
1998,NH,land,0,0-15,35351,891933.6
1998,NH,land,1,15-25,46900,1338203.2
1998,NH,land,2,25-35,26357,837684.0
1998,NH,land,3,35-90,10858,247870.94
1998,NH,ocean,0,0-15,414485,7377522.0
1998,NH,ocean,1,15-25,462661,8885386.0
1998,NH,ocean,2,25-35,203569,4897913.5
1998,NH,ocean,3,35-90,178988,2811974.5
1998,SH,land,0,0-10,1341,23912.125
1998,SH,land,1,10-15,10895,260946.19
1998,SH,land,2,15-20,25510,619324.3
1998,SH,land,3,20-90,13665,307626.7
1998,SH,ocean,0,0-10,51369,866976.06
1998,SH,ocean,1,10-15,457166,8153943.5
1998,SH,ocean,2,15-20,336509,7017200.5
1998,SH,ocean,3,20-90,395387,7739484.5
1999,NH,land,0,0-15,15482,331087.38
1999,NH,land,1,15-25,50169,1304025.0
1999,NH,land,2,25-35,21506,630643.7
1999,NH,land,3,35-90,27949,573648.25
1999,NH,ocean,0,0-15,348049,6097594.0
1999,NH,ocean,1,15-25,690422,13583616.0
1999,NH,ocean,2,25-35,245212,5558767.0
1999,NH,ocean,3,35-90,94400,1828102.8
1999,SH,land,0,0-10,14,218.25
1999,SH,land,1,10-15,6927,144970.06
1999,SH,land,2,15-20,9860,261682.94
1999,SH,land,3,20-90,19831,434662.62
1999,SH,ocean,0,0-10,14167,250473.5
1999,SH,ocean,1,10-15,239272,4567853.0
1999,SH,ocean,2,15-20,225521,4784920.5
1999,SH,ocean,3,20-90,250369,5382637.0
2000,NH,land,0,0-15,21295,508328.12
2000,NH,land,1,15-25,39293,1057836.9
2000,NH,land,2,25-35,10821,254668.38
2000,NH,land,3,35-90,18740,363290.94
2000,NH,ocean,0,0-15,337833,6583113.0
2000,NH,ocean,1,15-25,447695,9268257.0
2000,NH,ocean,2,25-35,169285,3841013.5
2000,NH,ocean,3,35-90,133215,2156625.5
2000,SH,land,0,0-10,4,56.75
2000,SH,land,1,10-15,9479,213257.0
2000,SH,land,2,15-20,25482,578532.9
2000,SH,land,3,20-90,35546,747898.7
2000,SH,ocean,0,0-10,27357,506451.88
2000,SH,ocean,1,10-15,227869,4076902.5
2000,SH,ocean,2,15-20,266921,5221570.5
2000,SH,ocean,3,20-90,238915,4654113.0
2001,NH,land,0,0-15,17457,411815.38
2001,NH,land,1,15-25,36544,964626.1
2001,NH,land,2,25-35,16829,486343.25
2001,NH,land,3,35-90,12401,248734.75
2001,NH,ocean,0,0-15,426638,7593691.0
2001,NH,ocean,1,15-25,573569,12254726.0
2001,NH,ocean,2,25-35,218944,4839276.5
2001,NH,ocean,3,35-90,195521,3526344.8
2001,SH,land,0,0-10,3713,60748.125
2001,SH,land,1,10-15,8621,202344.38
2001,SH,land,2,15-20,28444,668394.2
2001,SH,land,3,20-90,12047,250176.5
2001,SH,ocean,0,0-10,74662,1301257.0
2001,SH,ocean,1,10-15,229448,4300470.0
2001,SH,ocean,2,15-20,188387,3945009.0
2001,SH,ocean,3,20-90,197282,4247962.0
2002,NH,land,0,0-15,7007,173077.56
2002,NH,land,1,15-25,27356,638585.2
2002,NH,land,2,25-35,23755,688253.9
2002,NH,land,3,35-90,27064,422239.62
2002,NH,ocean,0,0-15,689298,13170795.0
2002,NH,ocean,1,15-25,539397,10238003.0
2002,NH,ocean,2,25-35,190549,4452316.5
2002,NH,ocean,3,35-90,171035,2510606.0
2002,SH,land,0,0-10,1154,17935.75
2002,SH,land,1,10-15,9149,205998.44
2002,SH,land,2,15-20,14527,337106.25
2002,SH,land,3,20-90,5774,129310.25
2002,SH,ocean,0,0-10,138801,2619564.8
2002,SH,ocean,1,10-15,268980,5076068.0
2002,SH,ocean,2,15-20,198219,4168032.0
2002,SH,ocean,3,20-90,218343,4610083.0
2003,NH,land,0,0-15,9661,231620.62
2003,NH,land,1,15-25,50104,1361567.9
2003,NH,land,2,25-35,13488,399828.75
2003,NH,land,3,35-90,16640,311711.2
2003,NH,ocean,0,0-15,585591,10793307.0
2003,NH,ocean,1,15-25,525665,11505194.0
2003,NH,ocean,2,25-35,210408,4630049.5
2003,NH,ocean,3,35-90,131911,1922306.0
2003,SH,land,0,0-10,3040,48814.75
2003,SH,land,1,10-15,18867,429297.62
2003,SH,land,2,15-20,26528,589308.25
2003,SH,land,3,20-90,12651,283266.7
2003,SH,ocean,0,0-10,91897,1678908.0
2003,SH,ocean,1,10-15,379520,7198970.5
2003,SH,ocean,2,15-20,227710,4825129.0
2003,SH,ocean,3,20-90,230385,5182456.0
2004,NH,land,0,0-15,11352,288310.12
2004,NH,land,1,15-25,40977,1052183.6
2004,NH,land,2,25-35,46233,1411143.0
2004,NH,land,3,35-90,67850,1209173.1
2004,NH,ocean,0,0-15,607224,10719492.0
2004,NH,ocean,1,15-25,639628,13896657.0
2004,NH,ocean,2,25-35,251546,5933469.0
2004,NH,ocean,3,35-90,184561,2989674.0
2004,SH,land,0,0-10,183,2882.0625
2004,SH,land,1,10-15,6232,147776.5
2004,SH,land,2,15-20,22361,552520.3
2004,SH,land,3,20-90,15404,384364.12
2004,SH,ocean,0,0-10,140027,2917674.2
2004,SH,ocean,1,10-15,208278,3954072.0
2004,SH,ocean,2,15-20,219809,4241223.0
2004,SH,ocean,3,20-90,143955,3236607.0
2005,NH,land,0,0-15,16781,371956.7
2005,NH,land,1,15-25,75816,2043169.8
2005,NH,land,2,25-35,43739,1246002.0
2005,NH,land,3,35-90,28443,531966.3
2005,NH,ocean,0,0-15,431960,8111844.0
2005,NH,ocean,1,15-25,542320,11231924.0
2005,NH,ocean,2,25-35,240923,5289224.0
2005,NH,ocean,3,35-90,182929,2756886.2
2005,SH,land,0,0-10,2673,43886.812
2005,SH,land,1,10-15,7133,177584.25
2005,SH,land,2,15-20,9132,250414.12
2005,SH,land,3,20-90,3125,65052.5
2005,SH,ocean,0,0-10,94793,1951036.2
2005,SH,ocean,1,10-15,279833,5534662.5
2005,SH,ocean,2,15-20,173639,3611610.8
2005,SH,ocean,3,20-90,262073,5526042.0
2006,NH,land,0,0-15,17351,443654.5
2006,NH,land,1,15-25,59773,1474293.0
2006,NH,land,2,25-35,22737,560625.94
2006,NH,land,3,35-90,13117,213818.38
2006,NH,ocean,0,0-15,445188,8666290.0
2006,NH,ocean,1,15-25,555839,11355266.0
2006,NH,ocean,2,25-35,152900,3705086.0
2006,NH,ocean,3,35-90,146583,2386944.0
2006,SH,land,0,0-10,4367,69535.0
2006,SH,land,1,10-15,15209,355694.06
2006,SH,land,2,15-20,10793,279070.75
2006,SH,land,3,20-90,15265,337323.3
2006,SH,ocean,0,0-10,59410,1058454.2
2006,SH,ocean,1,10-15,274570,5221073.0
2006,SH,ocean,2,15-20,158176,3547437.5
2006,SH,ocean,3,20-90,131622,2909750.2
2007,NH,land,0,0-15,9543,213586.19
2007,NH,land,1,15-25,54282,1416399.2
2007,NH,land,2,25-35,34294,820288.0
2007,NH,land,3,35-90,18744,341239.38
2007,NH,ocean,0,0-15,298847,5576631.0
2007,NH,ocean,1,15-25,522931,10945364.0
2007,NH,ocean,2,25-35,146273,3617592.0
2007,NH,ocean,3,35-90,113070,1912989.4
2007,SH,land,0,0-10,453,8086.6875
2007,SH,land,1,10-15,17020,507107.2
2007,SH,land,2,15-20,29062,807492.2
2007,SH,land,3,20-90,15157,319921.0
2007,SH,ocean,0,0-10,48911,1002725.9
2007,SH,ocean,1,10-15,378674,7509658.0
2007,SH,ocean,2,15-20,237834,4731578.5
2007,SH,ocean,3,20-90,202933,4208008.0
2008,NH,land,0,0-15,16430,368590.75
2008,NH,land,1,15-25,62689,1582161.9
2008,NH,land,2,25-35,28388,779697.56
2008,NH,land,3,35-90,28003,583033.9
2008,NH,ocean,0,0-15,336359,6699715.5
2008,NH,ocean,1,15-25,448438,9544180.0
2008,NH,ocean,2,25-35,129460,3118347.0
2008,NH,ocean,3,35-90,113411,1879613.5
2008,SH,land,0,0-10,374,6287.5625
2008,SH,land,1,10-15,10066,251885.06
2008,SH,land,2,15-20,21377,527443.75
2008,SH,land,3,20-90,7319,157923.5
2008,SH,ocean,0,0-10,84442,1630136.9
2008,SH,ocean,1,10-15,237182,4532526.5
2008,SH,ocean,2,15-20,192317,4158262.0
2008,SH,ocean,3,20-90,215402,5018423.0
2009,NH,land,0,0-15,11862,302477.94
2009,NH,land,1,15-25,45984,1243495.5
2009,NH,land,2,25-35,15064,383212.25
2009,NH,land,3,35-90,5455,104069.625
2009,NH,ocean,0,0-15,425648,8980492.0
2009,NH,ocean,1,15-25,631756,13959734.0
2009,NH,ocean,2,25-35,94722,2331973.0
2009,NH,ocean,3,35-90,133386,1872210.5
2009,SH,land,0,0-10,3339,58190.562
2009,SH,land,1,10-15,3641,86453.375
2009,SH,land,2,15-20,15287,408813.0
2009,SH,land,3,20-90,16724,367392.75
2009,SH,ocean,0,0-10,49697,828018.25
2009,SH,ocean,1,10-15,176478,3146695.2
2009,SH,ocean,2,15-20,202866,4135608.5
2009,SH,ocean,3,20-90,239121,5073064.0
2010,NH,land,0,0-15,19480,439590.2
2010,NH,land,1,15-25,59743,1492893.5
2010,NH,land,2,25-35,10175,256233.38
2010,NH,land,3,35-90,23771,381243.75
2010,NH,ocean,0,0-15,276477,5102682.0
2010,NH,ocean,1,15-25,486476,9573040.0
2010,NH,ocean,2,25-35,132123,2707084.5
2010,NH,ocean,3,35-90,121219,2053452.8
2010,SH,land,0,0-10,2505,50656.812
2010,SH,land,1,10-15,7662,207357.0
2010,SH,land,2,15-20,15946,452510.0
2010,SH,land,3,20-90,14713,357529.62
2010,SH,ocean,0,0-10,74542,1570866.0
2010,SH,ocean,1,10-15,294240,6252276.0
2010,SH,ocean,2,15-20,210770,4770407.0
2010,SH,ocean,3,20-90,217333,4135725.0
2011,NH,land,0,0-15,13737,335583.06
2011,NH,land,1,15-25,55305,1422364.1
2011,NH,land,2,25-35,17590,487353.7
2011,NH,land,3,35-90,79423,1219600.8
2011,NH,ocean,0,0-15,389537,7664427.5
2011,NH,ocean,1,15-25,534461,10614128.0
2011,NH,ocean,2,25-35,192547,4516733.0
2011,NH,ocean,3,35-90,157420,2665374.0
2011,SH,land,0,0-10,47,798.3125
2011,SH,land,1,10-15,8898,237786.75
2011,SH,land,2,15-20,14721,373550.12
2011,SH,land,3,20-90,20444,460161.2
2011,SH,ocean,0,0-10,7303,128016.44
2011,SH,ocean,1,10-15,215688,4362236.5
2011,SH,ocean,2,15-20,195109,4328483.5
2011,SH,ocean,3,20-90,252826,5507376.5
2012,NH,land,0,0-15,22013,458764.38
2012,NH,land,1,15-25,35048,909446.44
2012,NH,land,2,25-35,25413,676950.4
2012,NH,land,3,35-90,47997,812626.56
2012,NH,ocean,0,0-15,413514,7721827.5
2012,NH,ocean,1,15-25,540828,10854865.0
2012,NH,ocean,2,25-35,292319,6431057.5
2012,NH,ocean,3,35-90,160894,2320847.5
2012,SH,land,0,0-10,994,15959.5
2012,SH,land,1,10-15,3998,85437.375
2012,SH,land,2,15-20,30253,707022.9
2012,SH,land,3,20-90,13295,297229.7
2012,SH,ocean,0,0-10,81438,1458162.4
2012,SH,ocean,1,10-15,207811,3997476.0
2012,SH,ocean,2,15-20,230462,4929554.0
2012,SH,ocean,3,20-90,236162,5300065.5
2013,NH,land,0,0-15,21016,465960.7
2013,NH,land,1,15-25,85920,2120111.8
2013,NH,land,2,25-35,32227,811314.2
2013,NH,land,3,35-90,21471,326626.44
2013,NH,ocean,0,0-15,478080,8973252.0
2013,NH,ocean,1,15-25,533776,10929019.0
2013,NH,ocean,2,25-35,160771,3620474.0
2013,NH,ocean,3,35-90,134436,2159007.5
2013,SH,land,0,0-10,492,7923.1875
2013,SH,land,1,10-15,6685,151119.25
2013,SH,land,2,15-20,15655,444249.3
2013,SH,land,3,20-90,29866,794282.0
2013,SH,ocean,0,0-10,72176,1417338.0
2013,SH,ocean,1,10-15,340669,6490744.0
2013,SH,ocean,2,15-20,177387,3923138.0
2013,SH,ocean,3,20-90,217165,4985982.5
2014,NH,land,0,0-15,17636,436992.7
2014,NH,land,1,15-25,46925,1143415.9
2014,NH,land,2,25-35,19483,465749.62
2014,NH,land,3,35-90,19133,338258.06
2014,NH,ocean,0,0-15,508004,9524910.0
2014,NH,ocean,1,15-25,462341,9342043.0
2014,NH,ocean,2,25-35,200607,5025595.5
2014,NH,ocean,3,35-90,198166,3467425.0
2014,SH,land,0,0-10,1802,29805.562
2014,SH,land,1,10-15,9815,213444.56
2014,SH,land,2,15-20,27664,717611.25
2014,SH,land,3,20-90,10526,200837.06
2014,SH,ocean,0,0-10,46567,772848.25
2014,SH,ocean,1,10-15,227427,4314485.0
2014,SH,ocean,2,15-20,232830,4826096.5
2014,SH,ocean,3,20-90,246677,4790694.0
2015,NH,land,0,0-15,12033,300946.94
2015,NH,land,1,15-25,46789,1211348.2
2015,NH,land,2,25-35,16196,456088.5
2015,NH,land,3,35-90,19141,335839.3
2015,NH,ocean,0,0-15,772623,14834050.0
2015,NH,ocean,1,15-25,787937,14907231.0
2015,NH,ocean,2,25-35,237618,5526241.5
2015,NH,ocean,3,35-90,229600,3989647.0
2015,SH,land,0,0-10,1698,36730.375
2015,SH,land,1,10-15,12563,325699.38
2015,SH,land,2,15-20,18383,418492.62
2015,SH,land,3,20-90,15350,359460.0
2015,SH,ocean,0,0-10,80418,1423744.2
2015,SH,ocean,1,10-15,242324,4370724.5
2015,SH,ocean,2,15-20,242860,4280031.0
2015,SH,ocean,3,20-90,350625,6762353.5
2016,NH,land,0,0-15,12493,269088.3
2016,NH,land,1,15-25,54866,1345722.2
2016,NH,land,2,25-35,30884,857732.3
2016,NH,land,3,35-90,32350,440251.38
2016,NH,ocean,0,0-15,306084,5611006.5
2016,NH,ocean,1,15-25,482251,8889286.0
2016,NH,ocean,2,25-35,247665,5612691.0
2016,NH,ocean,3,35-90,213019,3638399.2
2016,SH,land,0,0-10,35,456.125
2016,SH,land,1,10-15,2730,76367.25
2016,SH,land,2,15-20,8203,226724.38
2016,SH,land,3,20-90,3874,76033.375
2016,SH,ocean,0,0-10,39050,648773.56
2016,SH,ocean,1,10-15,140425,2524272.5
2016,SH,ocean,2,15-20,129291,2582209.5
2016,SH,ocean,3,20-90,176067,3779098.8
2017,NH,land,0,0-15,27628,617336.5
2017,NH,land,1,15-25,52306,1254684.5
2017,NH,land,2,25-35,32352,1029749.8
2017,NH,land,3,35-90,15563,323003.38
2017,NH,ocean,0,0-15,368440,6425708.5
2017,NH,ocean,1,15-25,365588,7241370.5
2017,NH,ocean,2,25-35,237175,5277103.0
2017,NH,ocean,3,35-90,164597,2884042.0
2017,SH,land,0,0-10,5612,89511.94
2017,SH,land,1,10-15,4186,105691.5
2017,SH,land,2,15-20,11023,270477.3
2017,SH,land,3,20-90,17943,468016.25
2017,SH,ocean,0,0-10,48928,761703.56
2017,SH,ocean,1,10-15,124838,2146957.8
2017,SH,ocean,2,15-20,104129,1938289.0
2017,SH,ocean,3,20-90,153205,3300667.5
2018,NH,land,0,0-15,13137,306239.88
2018,NH,land,1,15-25,53935,1262915.5
2018,NH,land,2,25-35,27449,751274.25
2018,NH,land,3,35-90,51124,967440.0
2018,NH,ocean,0,0-15,512202,9270771.0
2018,NH,ocean,1,15-25,538207,10540764.0
2018,NH,ocean,2,25-35,262125,5881890.0
2018,NH,ocean,3,35-90,252078,4282905.0
2018,SH,land,0,0-10,2438,48805.188
2018,SH,land,1,10-15,5231,125309.0
2018,SH,land,2,15-20,18704,508094.0
2018,SH,land,3,20-90,15577,326559.8
2018,SH,ocean,0,0-10,84530,1446022.0
2018,SH,ocean,1,10-15,207634,3502352.5
2018,SH,ocean,2,15-20,266608,4880381.0
2018,SH,ocean,3,20-90,361340,7119319.5
2019,NH,land,0,0-15,14321,329873.62
2019,NH,land,1,15-25,41468,1002670.75
2019,NH,land,2,25-35,22429,617825.6
2019,NH,land,3,35-90,53650,963064.2
2019,NH,ocean,0,0-15,477172,8435676.0
2019,NH,ocean,1,15-25,505908,9831134.0
2019,NH,ocean,2,25-35,215862,5180275.0
2019,NH,ocean,3,35-90,252879,4228560.5
2019,SH,land,0,0-10,2015,31476.75
2019,SH,land,1,10-15,11306,258419.94
2019,SH,land,2,15-20,20551,483923.06
2019,SH,land,3,20-90,10874,288660.8
2019,SH,ocean,0,0-10,110254,1783328.0
2019,SH,ocean,1,10-15,267892,4589296.5
2019,SH,ocean,2,15-20,210147,3976507.5
2019,SH,ocean,3,20-90,201277,4202365.0
2020,NH,land,0,0-15,35475,799374.9
2020,NH,land,1,15-25,50739,1312283.0
2020,NH,land,2,25-35,30848,894147.25
2020,NH,land,3,35-90,65573,1175085.8
2020,NH,ocean,0,0-15,312288,5127646.0
2020,NH,ocean,1,15-25,380220,7047697.0
2020,NH,ocean,2,25-35,174718,3988358.8
2020,NH,ocean,3,35-90,175706,3228080.2
2020,SH,land,0,0-10,3471,56091.812
2020,SH,land,1,10-15,2849,67042.06
2020,SH,land,2,15-20,29064,706788.8
2020,SH,land,3,20-90,18943,398917.44
2020,SH,ocean,0,0-10,67379,1154584.5
2020,SH,ocean,1,10-15,196991,3339358.2
2020,SH,ocean,2,15-20,221276,4197963.0
2020,SH,ocean,3,20-90,302719,6182138.0
2021,NH,land,0,0-15,13584,342320.06
2021,NH,land,1,15-25,40231,1010852.75
2021,NH,land,2,25-35,10809,302387.84
2021,NH,land,3,35-90,20629,393373.25
2021,NH,ocean,0,0-15,402509,7273271.5
2021,NH,ocean,1,15-25,439880,8565071.0
2021,NH,ocean,2,25-35,212413,5090768.0
2021,NH,ocean,3,35-90,229546,4348546.0
2021,SH,land,0,0-10,602,9652.157
2021,SH,land,1,10-15,8504,183458.42
2021,SH,land,2,15-20,12399,324184.12
2021,SH,land,3,20-90,14897,296565.12
2021,SH,ocean,0,0-10,29502,445282.88
2021,SH,ocean,1,10-15,258406,4548465.5
2021,SH,ocean,2,15-20,218816,4402922.0
2021,SH,ocean,3,20-90,135154,2942146.0
2022,NH,land,0,0-15,22734,498416.47
2022,NH,land,1,15-25,36803,878833.3
2022,NH,land,2,25-35,13126,352168.12
2022,NH,land,3,35-90,33140,414186.47
2022,NH,ocean,0,0-15,274455,4588796.5
2022,NH,ocean,1,15-25,413409,7614143.5
2022,NH,ocean,2,25-35,214932,5047451.5
2022,NH,ocean,3,35-90,248027,3992512.5
2022,SH,land,0,0-10,149,3059.664
2022,SH,land,1,10-15,4744,122253.49
2022,SH,land,2,15-20,32955,757455.3
2022,SH,land,3,20-90,21112,512634.47
2022,SH,ocean,0,0-10,77836,1438268.6
2022,SH,ocean,1,10-15,229994,4247366.0
2022,SH,ocean,2,15-20,320501,6007489.5
2022,SH,ocean,3,20-90,289050,6128775.5
2023,NH,land,0,0-15,8001,170386.66
2023,NH,land,1,15-25,36966,860573.1
2023,NH,land,2,25-35,12998,397699.12
2023,NH,land,3,35-90,12496,220297.73
2023,NH,ocean,0,0-15,476041,8179707.5
2023,NH,ocean,1,15-25,618407,11208597.0
2023,NH,ocean,2,25-35,241428,5480056.5
2023,NH,ocean,3,35-90,165181,2987328.8
2023,SH,land,0,0-10,1099,18505.557
2023,SH,land,1,10-15,3669,80204.39
2023,SH,land,2,15-20,32253,776338.75
2023,SH,land,3,20-90,20237,461102.34
2023,SH,ocean,0,0-10,93824,1481633.6
2023,SH,ocean,1,10-15,181072,3254010.8
2023,SH,ocean,2,15-20,149412,3099305.8
2023,SH,ocean,3,20-90,148425,3435829.0
