domain,surface,year,N_t,TCP_mean,fit,fit_lower,fit_upper,trend_per_decade,p_value
NH,land,1980,102924.0,24.330999961136374,24.40512613690492,23.48912661922892,25.06645522629603,-0.2222240907787035,0.17856166166885756
NH,land,1981,116537.0,22.418372534044984,24.38290372782705,23.499049871361088,25.03703419671367,-0.2222240907787035,0.17856166166885756
NH,land,1982,87818.0,22.750111025074588,24.36068131874918,23.499447135013213,24.98897226482505,-0.2222240907787035,0.17856166166885756
NH,land,1983,86393.0,24.88201023231049,24.338458909671303,23.499595067653114,24.952381682169285,-0.2222240907787035,0.17856166166885756
NH,land,1984,91886.0,23.824624099427552,24.316236500593433,23.50278470782081,24.911115791171422,-0.2222240907787035,0.17856166166885756
NH,land,1985,161116.0,22.325855594726782,24.294014091515564,23.508911265279576,24.849012828599808,-0.2222240907787035,0.17856166166885756
NH,land,1986,91369.0,23.481309306219835,24.271791682437694,23.51537662314342,24.793870772828154,-0.2222240907787035,0.17856166166885756
NH,land,1987,106202.0,23.92860351029171,24.249569273359825,23.52272414360357,24.75550741845281,-0.2222240907787035,0.17856166166885756
NH,land,1988,118792.0,25.02985996531753,24.227346864281955,23.530006528736948,24.713433072839358,-0.2222240907787035,0.17856166166885756
NH,land,1989,134982.0,23.756308693010922,24.205124455204086,23.53667886829792,24.668241923688207,-0.2222240907787035,0.17856166166885756
NH,land,1990,128741.0,24.84187741279002,24.182902046126216,23.54062148702339,24.624657038780207,-0.2222240907787035,0.17856166166885756
NH,land,1991,93501.0,25.000469299793586,24.16067963704834,23.54649677213514,24.58524432662203,-0.2222240907787035,0.17856166166885756
NH,land,1992,114595.0,24.134684759369957,24.13845722797047,23.544524618722644,24.54391220968389,-0.2222240907787035,0.17856166166885756
NH,land,1993,108475.0,24.137957593915647,24.1162348188926,23.535010345212005,24.513128081351557,-0.2222240907787035,0.17856166166885756
NH,land,1994,130157.0,24.166531035595472,24.09401240981473,23.527547298776007,24.478013662887058,-0.2222240907787035,0.17856166166885756
NH,land,1995,154426.0,24.141896830844544,24.07179000073686,23.515005735796016,24.43672565014608,-0.2222240907787035,0.17856166166885756
NH,land,1996,189838.0,24.09900020017067,24.04956759165899,23.51524149934824,24.416170783578966,-0.2222240907787035,0.17856166166885756
NH,land,1997,131336.0,24.947965828105012,24.027345182581122,23.509882842426034,24.388640611753864,-0.2222240907787035,0.17856166166885756
NH,land,1998,119466.0,27.754271005976594,24.005122773503253,23.5010855420556,24.346250228918834,-0.2222240907787035,0.17856166166885756
NH,land,1999,115106.0,24.667735217973,23.982900364425383,23.492806396781493,24.319045048775582,-0.2222240907787035,0.17856166166885756
NH,land,2000,90149.0,24.227937525651974,23.960677955347506,23.470587746703686,24.29359718153501,-0.2222240907787035,0.17856166166885756
NH,land,2001,83231.0,25.369387367687523,23.938455546269637,23.44836533762583,24.27012075254482,-0.2222240907787035,0.17856166166885756
NH,land,2002,85182.0,22.565287032471648,23.916233137191767,23.426142928547954,24.250240716796963,-0.2222240907787035,0.17856166166885756
NH,land,2003,89893.0,25.638575528684104,23.894010728113898,23.403861114382327,24.24152552284274,-0.2222240907787035,0.17856166166885756
NH,land,2004,166412.0,23.801227195154194,23.87178831903603,23.3816981103922,24.23767207924368,-0.2222240907787035,0.17856166166885756
NH,land,2005,164779.0,25.44677901917113,23.84956590995816,23.35932528692097,24.22261468092289,-0.2222240907787035,0.17856166166885756
NH,land,2006,112978.0,23.831115969480788,23.82734350088029,23.33615851588178,24.230754350254244,-0.2222240907787035,0.17856166166885756
NH,land,2007,116863.0,23.887053815151074,23.80512109180242,23.298509885514743,24.208531941176375,-0.2222240907787035,0.17856166166885756
NH,land,2008,135510.0,24.45195269721792,23.78289868272455,23.2687903564318,24.199201438163172,-0.2222240907787035,0.17856166166885756
NH,land,2009,78365.0,25.94596203662349,23.760676273646673,23.239307537884294,24.19444049098857,-0.2222240907787035,0.17856166166885756
NH,land,2010,113169.0,22.709053097579726,23.738453864568804,23.204427888471546,24.201571333052932,-0.2222240907787035,0.17856166166885756
NH,land,2011,166055.0,20.865988136460814,23.716231455490934,23.15953268291143,24.179348923975063,-0.2222240907787035,0.17856166166885756
NH,land,2012,130471.0,21.903624406956332,23.694009046413065,23.112092643289095,24.182290054818303,-0.2222240907787035,0.17856166166885756
NH,land,2013,160634.0,23.183218621213438,23.671786637335195,23.08782181057901,24.1945560098035,-0.2222240907787035,0.17856166166885756
NH,land,2014,103177.0,23.10995939017417,23.649564228257326,23.036828020738845,24.18865471597851,-0.2222240907787035,0.17856166166885756
NH,land,2015,94159.0,24.47161652099109,23.627341819179456,22.987732374751506,24.194763085742096,-0.2222240907787035,0.17856166166885756
NH,land,2016,130593.0,22.304366849678008,23.605119410101587,22.94198841873915,24.18906160779895,-0.2222240907787035,0.17856166166885756
NH,land,2017,127849.0,25.223303897566662,23.582897001023717,22.89090497613331,24.192933401067958,-0.2222240907787035,0.17856166166885756
NH,land,2018,145645.0,22.57454516117958,23.56067459194584,22.837445410673155,24.19846778942595,-0.2222240907787035,0.17856166166885756
NH,land,2019,131868.0,22.093564549397883,23.53845218286797,22.788643232702647,24.192979898585854,-0.2222240907787035,0.17856166166885756
NH,land,2020,182635.0,22.89205765598051,23.5162297737901,22.740168895387406,24.19237571782357,-0.2222240907787035,0.17856166166885756
NH,land,2021,85253.0,24.033569493155664,23.494007364712232,22.696164495132187,24.178874091789716,-0.2222240907787035,0.17856166166885756
NH,land,2022,105803.0,20.260336285360527,23.471784955634362,22.65795652571759,24.1612202116296,-0.2222240907787035,0.17856166166885756
NH,land,2023,70461.0,23.402401470316914,23.449562546556493,22.61191051107414,24.173178867195652,-0.2222240907787035,0.17856166166885756
NH,ocean,1980,1274785.0,18.4329031954408,18.977054115372525,18.60656860565163,19.738681440039358,0.0809092571730728,0.22101797270992485
NH,ocean,1981,1553180.0,19.07320110998081,18.98514504108983,18.63015488514601,19.731215346681292,0.0809092571730728,0.22101797270992485
NH,ocean,1982,1190894.0,19.022792120877256,18.99323596680714,18.657735789883212,19.731416675929264,0.0809092571730728,0.22101797270992485
NH,ocean,1983,925276.0,20.723817109705646,19.001326892524446,18.68954273689155,19.72533189200413,0.0809092571730728,0.22101797270992485
NH,ocean,1984,1399760.0,19.07702284677373,19.00941781824175,18.715391727088473,19.7190416540165,0.0809092571730728,0.22101797270992485
NH,ocean,1985,1388038.0,19.616146459967236,19.017508743959063,18.74350953052925,19.71166245202038,0.0809092571730728,0.22101797270992485
NH,ocean,1986,1792285.0,18.99602239599171,19.025599669676367,18.77147682232014,19.710984802784658,0.0809092571730728,0.22101797270992485
NH,ocean,1987,1473956.0,18.714489849086405,19.033690595393672,18.792588147342148,19.708707075079268,0.0809092571730728,0.22101797270992485
NH,ocean,1988,1556032.0,18.645106591638218,19.041781521110984,18.81184911419339,19.693643205836256,0.0809092571730728,0.22101797270992485
NH,ocean,1989,1703248.0,18.60271035104694,19.04987244682829,18.82781586819346,19.68975837550499,0.0809092571730728,0.22101797270992485
NH,ocean,1990,1939016.0,18.89607661824348,19.0579633725456,18.847884457387657,19.673143876163046,0.0809092571730728,0.22101797270992485
NH,ocean,1991,1660194.0,19.036498144192787,19.066054298262905,18.86786178949051,19.663950712521668,0.0809092571730728,0.22101797270992485
NH,ocean,1992,2307644.0,19.23258461877135,19.07414522398021,18.88791453292437,19.645541761084214,0.0809092571730728,0.22101797270992485
NH,ocean,1993,1608951.0,18.974059806669064,19.082236149697522,18.902434150966503,19.63715590832178,0.0809092571730728,0.22101797270992485
NH,ocean,1994,2071025.0,18.701913883222076,19.090327075414827,18.91955756740268,19.636771875264706,0.0809092571730728,0.22101797270992485
NH,ocean,1995,1656575.0,18.470220605767924,19.09841800113213,18.9366807549755,19.631129149529986,0.0809092571730728,0.22101797270992485
NH,ocean,1996,2087734.0,18.77619811719309,19.106508926849443,18.950141043973428,19.62724113461608,0.0809092571730728,0.22101797270992485
NH,ocean,1997,2296013.0,18.302178689754808,19.114599852566748,18.96099752583968,19.628789433386785,0.0809092571730728,0.22101797270992485
NH,ocean,1998,1259703.0,19.030514335521943,19.122690778284053,18.968108151438475,19.634086433114366,0.0809092571730728,0.22101797270992485
NH,ocean,1999,1378083.0,19.641835651408513,19.130781704001365,18.976060023763473,19.65786943420058,0.0809092571730728,0.22101797270992485
NH,ocean,2000,1088028.0,20.081292944666863,19.13887262971867,18.986013970742412,19.656709603441985,0.0809092571730728,0.22101797270992485
NH,ocean,2001,1414672.0,19.943872713957724,19.146963555435974,18.997226827147866,19.666150674350888,0.0809092571730728,0.22101797270992485
NH,ocean,2002,1590279.0,19.098359784666712,19.155054481153286,19.00302843814281,19.66943489329283,0.0809092571730728,0.22101797270992485
NH,ocean,2003,1453575.0,19.848206318903394,19.16314540687059,19.00653871579478,19.67419935427774,0.0809092571730728,0.22101797270992485
NH,ocean,2004,1682959.0,19.92876356465012,19.171236332587902,19.009334384002205,19.690101952951178,0.0809092571730728,0.22101797270992485
NH,ocean,2005,1398132.0,19.59033782217988,19.179327258305207,19.009406830796458,19.70797855375479,0.0809092571730728,0.22101797270992485
NH,ocean,2006,1300510.0,20.079496505217183,19.187418184022512,19.008519860134466,19.72325941856817,0.0809092571730728,0.22101797270992485
NH,ocean,2007,1081121.0,20.3978799782818,19.195509109739824,19.005253318036512,19.741430516681334,0.0809092571730728,0.22101797270992485
NH,ocean,2008,1027668.0,20.6699595589237,19.20360003545713,19.00343866358062,19.756430116637265,0.0809092571730728,0.22101797270992485
NH,ocean,2009,1285512.0,21.115640694135873,19.211690961174433,19.00576968176923,19.770367139029645,0.0809092571730728,0.22101797270992485
NH,ocean,2010,1016295.0,19.124623559104393,19.219781886891745,19.004901262983005,19.792605805150835,0.0809092571730728,0.22101797270992485
NH,ocean,2011,1273965.0,19.98537047721091,19.22787281260905,19.003837039613003,19.802195857364506,0.0809092571730728,0.22101797270992485
NH,ocean,2012,1407555.0,19.415651608640516,19.235963738326355,19.000651900280882,19.820813719167237,0.0809092571730728,0.22101797270992485
NH,ocean,2013,1307063.0,19.64844272999848,19.244054664043666,18.9934295448284,19.834973070844715,0.0809092571730728,0.22101797270992485
NH,ocean,2014,1369118.0,19.98364896232465,19.25214558976097,18.986207375058346,19.8507919484216,0.0809092571730728,0.22101797270992485
NH,ocean,2015,2027778.0,19.359697905786533,19.260236515478276,18.986945503976344,19.884413159048098,0.0809092571730728,0.22101797270992485
NH,ocean,2016,1249019.0,19.016029940297145,19.268327441195588,18.976800678686608,19.905577995110004,0.0809092571730728,0.22101797270992485
NH,ocean,2017,1135800.0,19.218369431237896,19.276418366912893,18.969567623373567,19.923534331956574,0.0809092571730728,0.22101797270992485
NH,ocean,2018,1564612.0,19.158954424483515,19.284509292630204,18.96237124899696,19.941490668803144,0.0809092571730728,0.22101797270992485
NH,ocean,2019,1451821.0,19.06271193211835,19.29260021834751,18.955528437110182,19.973898198918942,0.0809092571730728,0.22101797270992485
NH,ocean,2020,1042932.0,18.593524793562764,19.300691144064814,18.949951626634604,19.993244876577368,0.0809092571730728,0.22101797270992485
NH,ocean,2021,1284348.0,19.681314176531593,19.308782069782126,18.943641960409565,20.017008415430606,0.0809092571730728,0.22101797270992485
NH,ocean,2022,1150823.0,18.458880296970083,19.31687299549943,18.936892061694202,20.031369028499565,0.0809092571730728,0.22101797270992485
NH,ocean,2023,1501057.0,18.557383097377382,19.324963921216735,18.926997971138245,20.058109391048717,0.0809092571730728,0.22101797270992485
SH,land,1980,48781.0,22.540493122322218,23.21643129725407,22.216652474092665,24.067636720136296,0.13659153947225733,0.46030716787530535
SH,land,1981,31618.0,31.879639366816374,23.230090451201296,22.252241950333893,24.05232092252658,0.13659153947225733,0.46030716787530535
SH,land,1982,34401.0,23.67250036336153,23.243749605148523,22.284348289504056,24.03684602237347,0.13659153947225733,0.46030716787530535
SH,land,1983,24217.0,21.05320363794029,23.257408759095746,22.306497468985466,24.02158572392604,0.13659153947225733,0.46030716787530535
SH,land,1984,59413.0,24.817087539764024,23.271067913042973,22.347173339236406,24.010614127904823,0.13659153947225733,0.46030716787530535
SH,land,1985,49990.0,22.540259251850372,23.284727066990197,22.393998091549555,23.99105773208772,0.13659153947225733,0.46030716787530535
SH,land,1986,41767.0,24.148684655349918,23.298386220937424,22.439630178082265,23.982171071406054,0.13659153947225733,0.46030716787530535
SH,land,1987,29307.0,21.77241587334084,23.31204537488465,22.4719407313445,23.981791170013476,0.13659153947225733,0.46030716787530535
SH,land,1988,31481.0,24.357473396651947,23.325704528831874,22.506821423195028,23.99109317985066,0.13659153947225733,0.46030716787530535
SH,land,1989,38175.0,22.35777519318926,23.3393636827791,22.54802531572108,23.984703925161355,0.13659153947225733,0.46030716787530535
SH,land,1990,34614.0,24.604798853065233,23.35302283672633,22.578771221583946,23.97719774891281,0.13659153947225733,0.46030716787530535
SH,land,1991,24442.0,24.036916496195076,23.366681990673552,22.60244829913555,23.972058517650407,0.13659153947225733,0.46030716787530535
SH,land,1992,21873.0,25.451112558862526,23.38034114462078,22.631866251149663,23.973303154804356,0.13659153947225733,0.46030716787530535
SH,land,1993,43865.0,22.049998860139063,23.394000298568002,22.655604854376882,23.97881498913329,0.13659153947225733,0.46030716787530535
SH,land,1994,52417.0,21.918919472690156,23.40765945251523,22.684073439370025,23.975681724339328,0.13659153947225733,0.46030716787530535
SH,land,1995,46194.0,20.844835043512145,23.421318606462457,22.717225842974297,23.973947267923762,0.13659153947225733,0.46030716787530535
SH,land,1996,68513.0,22.823578036285085,23.43497776040968,22.73671274219165,23.978352728050552,0.13659153947225733,0.46030716787530535
SH,land,1997,47532.0,25.514549566607755,23.448636914356907,22.75631233251976,23.97800031396375,0.13659153947225733,0.46030716787530535
SH,land,1998,51411.0,23.57101233199121,23.462296068304134,22.78414723558147,23.980604104012638,0.13659153947225733,0.46030716787530535
SH,land,1999,36632.0,22.97264331731819,23.475955222251358,22.798021452619153,23.99025413564151,0.13659153947225733,0.46030716787530535
SH,land,2000,70511.0,21.83695239040717,23.489614376198585,22.811587662312814,24.000005944391802,0.13659153947225733,0.46030716787530535
SH,land,2001,52825.0,22.369393374349265,23.503273530145808,22.82502774698382,24.01364268085266,0.13659153947225733,0.46030716787530535
SH,land,2002,30604.0,22.55753136844857,23.516932684093035,22.83894151239789,24.027301834799886,0.13659153947225733,0.46030716787530535
SH,land,2003,61086.0,22.11124185574436,23.530591838040262,22.8356256616993,24.04103855450243,0.13659153947225733,0.46030716787530535
SH,land,2004,44180.0,24.616183397464916,23.544250991987486,22.841502816592282,24.061013092991157,0.13659153947225733,0.46030716787530535
SH,land,2005,22063.0,24.33656719394461,23.557910145934713,22.839389152324348,24.085140736461238,0.13659153947225733,0.46030716787530535
SH,land,2006,45634.0,22.825592978919225,23.57156929988194,22.83005004453114,24.104121005495845,0.13659153947225733,0.46030716787530535
SH,land,2007,61692.0,26.62593346787266,23.585228453829163,22.813091345774204,24.119786687442275,0.13659153947225733,0.46030716787530535
SH,land,2008,39136.0,24.109256758483237,23.59888760777639,22.804459346133466,24.1413806635904,0.13659153947225733,0.46030716787530535
SH,land,2009,38991.0,23.616980508322435,23.612546761723618,22.8167452794916,24.16617217775535,0.13659153947225733,0.46030716787530535
SH,land,2010,40826.0,26.161108901190417,23.62620591567084,22.815316481344475,24.19373967972477,0.13659153947225733,0.46030716787530535
SH,land,2011,44110.0,24.30959833371118,23.639865069618068,22.80626689472146,24.21314732118882,0.13659153947225733,0.46030716787530535
SH,land,2012,48540.0,22.778110321384425,23.65352422356529,22.80276354252809,24.23806147332823,0.13659153947225733,0.46030716787530535
SH,land,2013,52698.0,26.520432227029488,23.66718337751252,22.809476812123457,24.257234584912496,0.13659153947225733,0.46030716787530535
SH,land,2014,49807.0,23.323999277210028,23.680842531459746,22.814113832747868,24.282760329338537,0.13659153947225733,0.46030716787530535
SH,land,2015,47994.0,23.760936262866192,23.69450168540697,22.799652278881137,24.316197844134976,0.13659153947225733,0.46030716787530535
SH,land,2016,14842.0,25.5747965233796,23.708160839354196,22.796189495395534,24.344428559203116,0.13659153947225733,0.46030716787530535
SH,land,2017,38764.0,24.086703900526263,23.721819993301423,22.789968369865473,24.379435458281108,0.13659153947225733,0.46030716787530535
SH,land,2018,41950.0,24.046912705601905,23.735479147248647,22.78359292583659,24.405322927063878,0.13659153947225733,0.46030716787530535
SH,land,2019,44746.0,23.744704554597057,23.749138301195874,22.784676589675087,24.42892657214778,0.13659153947225733,0.46030716787530535
SH,land,2020,54327.0,22.619325786441365,23.762797455143097,22.766068532179812,24.447541719763137,0.13659153947225733,0.46030716787530535
SH,land,2021,36402.0,22.357557744079994,23.776456609090324,22.742491045198825,24.48536849257438,0.13659153947225733,0.46030716787530535
SH,land,2022,58960.0,23.666942401628226,23.79011576303755,22.725125799115453,24.517151375774805,0.13659153947225733,0.46030716787530535
SH,land,2023,57258.0,23.335621869433094,23.803774916984775,22.7072369514735,24.557222990425853,0.13659153947225733,0.46030716787530535
SH,ocean,1980,801454.0,19.188143424326285,19.78818259240735,19.036670566310644,20.668207382509863,-0.023139027612275386,0.863482766117042
SH,ocean,1981,783673.0,19.225441606384294,19.785868689646122,19.054986348225633,20.638928167017546,-0.023139027612275386,0.863482766117042
SH,ocean,1982,901492.0,19.311595998633376,19.783554786884892,19.076910077889874,20.61032093842279,-0.023139027612275386,0.863482766117042
SH,ocean,1983,1397985.0,17.20417676870639,19.781240884123665,19.101156168862637,20.58122682803318,-0.023139027612275386,0.863482766117042
SH,ocean,1984,753876.0,20.667143111068665,19.77892698136244,19.118065870047847,20.55677427795495,-0.023139027612275386,0.863482766117042
SH,ocean,1985,1061027.0,19.7382679705606,19.77661307860121,19.134975571233053,20.53971639273078,-0.023139027612275386,0.863482766117042
SH,ocean,1986,1030622.0,19.93029849935282,19.774299175839985,19.151885272418255,20.513894037578424,-0.023139027612275386,0.863482766117042
SH,ocean,1987,913988.0,19.463857293531206,19.771985273078755,19.16911687868761,20.48953503120431,-0.023139027612275386,0.863482766117042
SH,ocean,1988,1052280.0,20.95670524955335,19.76967137031753,19.196996257734074,20.46764186708526,-0.023139027612275386,0.863482766117042
SH,ocean,1989,1214743.0,20.366536790086464,19.7673574675563,19.229715233228404,20.456792826708902,-0.023139027612275386,0.863482766117042
SH,ocean,1990,1355605.0,20.577115383906076,19.76504356479507,19.241873937892368,20.44640216805914,-0.023139027612275386,0.863482766117042
SH,ocean,1991,929669.0,20.083606100665936,19.762729662033845,19.253633934466773,20.423691505447636,-0.023139027612275386,0.863482766117042
SH,ocean,1992,1306415.0,20.50317487169085,19.760415759272618,19.27735409705634,20.392854229810716,-0.023139027612275386,0.863482766117042
SH,ocean,1993,918213.0,20.049936125931566,19.75810185651139,19.28778240061818,20.369200169164486,-0.023139027612275386,0.863482766117042
SH,ocean,1994,1146710.0,18.87711321955856,19.755787953750165,19.296255731028047,20.34992527845804,-0.023139027612275386,0.863482766117042
SH,ocean,1995,778021.0,18.313175222776763,19.753474050988935,19.304602340603175,20.33173583830825,-0.023139027612275386,0.863482766117042
SH,ocean,1996,1066289.0,18.8570831172412,19.751160148227708,19.322264097954317,20.317552482613035,-0.023139027612275386,0.863482766117042
SH,ocean,1997,1483764.0,19.696946549451262,19.74884624546648,19.329198572580875,20.31588939787077,-0.023139027612275386,0.863482766117042
SH,ocean,1998,1240431.0,19.168824835883658,19.74653234270525,19.32489148179289,20.316423558626997,-0.023139027612275386,0.863482766117042
SH,ocean,1999,729329.0,20.547495026250157,19.744218439944024,19.3266122069905,20.303579305430517,-0.023139027612275386,0.863482766117042
SH,ocean,2000,761062.0,18.998501935453355,19.741904537182798,19.344913009349245,20.299743514127865,-0.023139027612275386,0.863482766117042
SH,ocean,2001,689779.0,19.998721329585273,19.73959063442157,19.35024690557676,20.29037043424388,-0.023139027612275386,0.863482766117042
SH,ocean,2002,824343.0,19.984093757088978,19.737276731660344,19.346611393201943,20.284848062363487,-0.023139027612275386,0.863482766117042
SH,ocean,2003,929512.0,20.31761128420074,19.734962828899114,19.345718619524252,20.286996065540226,-0.023139027612275386,0.863482766117042
SH,ocean,2004,712069.0,20.151946229929965,19.732648926137887,19.343425208417507,20.296529835389514,-0.023139027612275386,0.863482766117042
SH,ocean,2005,810338.0,20.51409596982987,19.73033502337666,19.341111305656277,20.3007272692833,-0.023139027612275386,0.863482766117042
SH,ocean,2006,623778.0,20.418666416577693,19.72802112061543,19.338797402895047,20.325444938505388,-0.023139027612275386,0.863482766117042
SH,ocean,2007,868352.0,20.09780641951651,19.725707217854204,19.315552087395655,20.32345945922012,-0.023139027612275386,0.863482766117042
SH,ocean,2008,729343.0,21.031734588526934,19.723393315092977,19.3052303560293,20.32283031262619,-0.023139027612275386,0.863482766117042
SH,ocean,2009,668162.0,19.730822689706986,19.72107941233175,19.29816461250266,20.32352962788449,-0.023139027612275386,0.863482766117042
SH,ocean,2010,796885.0,20.993335299321732,19.718765509570524,19.27933679985404,20.336084089509942,-0.023139027612275386,0.863482766117042
SH,ocean,2011,670926.0,21.352746711261748,19.716451606809294,19.260311849432377,20.346896029330864,-0.023139027612275386,0.863482766117042
SH,ocean,2012,755873.0,20.751181613842537,19.714137704048067,19.250382795183537,20.357258178351742,-0.023139027612275386,0.863482766117042
SH,ocean,2013,807397.0,20.828913780952863,19.71182380128684,19.239832743553407,20.366590366743953,-0.023139027612275386,0.863482766117042
SH,ocean,2014,753501.0,19.514405090371483,19.70950989852561,19.21123142474225,20.39746734203469,-0.023139027612275386,0.863482766117042
SH,ocean,2015,916227.0,18.37629015516897,19.707195995764383,19.183162022752505,20.42463194200269,-0.023139027612275386,0.863482766117042
SH,ocean,2016,484833.0,19.66523392590851,19.704882093003157,19.167215505216394,20.442765358306946,-0.023139027612275386,0.863482766117042
SH,ocean,2017,431100.0,18.89960069589422,19.70256819024193,19.154641823176892,20.459888808811453,-0.023139027612275386,0.863482766117042
SH,ocean,2018,920112.0,18.419578268732504,19.700254287480703,19.132783218078753,20.476394446926083,-0.023139027612275386,0.863482766117042
SH,ocean,2019,789570.0,18.429647782970477,19.697940384719473,19.1071687816199,20.488791214726852,-0.023139027612275386,0.863482766117042
SH,ocean,2020,788365.0,18.866950841298127,19.695626481958247,19.078406152082675,20.508959648929697,-0.023139027612275386,0.863482766117042
SH,ocean,2021,641878.0,19.222993123303805,19.69331257919702,19.050324827773252,20.537335965783285,-0.023139027612275386,0.863482766117042
SH,ocean,2022,917381.0,19.426933411526946,19.69099867643579,19.02823369567931,20.560327092473948,-0.023139027612275386,0.863482766117042
SH,ocean,2023,572733.0,19.678941496299323,19.688684773674563,19.001208013974743,20.58295098039802,-0.023139027612275386,0.863482766117042
